masked,original
##뒤 윤서인은 재될것임. 말하나하나가 틀린게없음,10년뒤 윤서인은 분명히 재평가될것임. 말하나하나가 틀린게없음
##살 넘을텐데 부부라고? 무슨인지 긍금하네..,10살 차이가 넘을텐데 부부라고? 무슨 내용인지 긍금하네..
166에 57. 4 필요없지만건강위해더뺄다들 더마르게,166에 57.4 다이어트 필요없지만건강위해더뺄거야다들 더마르게봄
##년도 아니고년이 진짜 너무했다 이것이 사랑만으로 가능할수 있는지 도저히 납득이 가질 않는다,17년도 아니고 27년이면 진짜 너무했다 이것이 사랑만으로 가능할수 있는지 도저히 납득이 가질 않는다
180넘어갈 기럭지는 아님78에서79180넘는 의심. 의구심을 안하고안듬그래도 비율좋아 커보이긴,180넘어갈정도의 기럭지는 아님78에서79180넘는애들은 의심.의구심을 안하고안듬그래도 비율좋아 커보이긴함
##년 자유당 시절에에 입학하셨다가 할리우드로 진출하셨어요? 대단하신 분이셨군요.,1959년 자유당 시절에 하버드 로스쿨에 입학하셨다가 할리우드로 진출하셨어요? 대단하신 분이셨군요.
##에서로 바뀌고 망트리거...,19에서15로 바뀌고 망트리 탄거...
##도 안아깝다 ☝☝️☝️☝️☝️☝️☝,1억도 안아깝다 ☝️☝️☝️☝️☝️☝️☝️
1일1식은 난 못하겠네 흐흐 한상진함,1일1식은 난 못하겠네 흐흐 한상진씨 연기잘함
1회에 교도소에서 마취도 없이 자기몸 꿰거랑뜨거운 커피말고 차가운거만먹는거아랏 난 무통증 무감각이라고,1회에 교도소에서 마취도 없이 자기몸 꿰매는거랑뜨거운 커피말고 차가운거만먹는거보고아랏는데 난 무통증 무감각이라고
##년도 봤는데 서지영이랑 스포츠카타고온거... 18이네 ㅎㅎ,2002년도 여름에 봤는데 서지영이랑 스포츠카타고온거...18년전이네 ㅎㅎ
마마 화사,2018년 마마 진정한 승자 화사
206000달러 중 겨우 계약금 수준인 34700을 지불안했다면 뭔같아기어 박아요,206000달러 중 겨우 계약금 수준인 34700을 지불안했다면 뭔 사정이 있을거같아 중립기어 박아요
##째애중? 길다.,20년째 열애중? 너무 길다.
##년종처럼 한결 같기는 힘들겠지만 서로 양보하고 배려하며 비슷하게만 살아도 싸울일 반으로 줄이고 아내 행복하게 만들어줌,26년 최수종님처럼 한결 같기는 힘들겠지만 서로 양보하고 배려하며 비슷하게만 살아도 싸울일 반으로 줄이고 아내 행복하게 만들어줌
39세라고 나와있구만 ㅡㅡ 양세 아님???,39세라고 나와있구만 ㅡㅡ 양세종은 20대 아님???
3일에 12어치만큼력있는 사람입니다. 왜 다들 조롱만 하나요? 잘 알지 못한다면 더더욱 함부로 말하면 안되죠.,3일에 12억원어치 팔만큼 파급력있는 사람입니다. 왜 다들 조롱만 하나요? 잘 알지 못한다면 더더욱 함부로 말하면 안되죠.
"45억 빚진것도 신기하고, 그 빚을 이미 완전 인기가 저물어도 몇년만에는다는게 더 신기하다. 그러면 홍진영 이런애들은 1년에다는거야 ㅋㅋ","45억 빚진것도 신기하고, 그 빚을 이미 완전 인기가 저물어도 몇년만에 갚는다는게 더 신기하다. 그러면 홍진영 이런애들은 1년에 얼마 번다는거야 ㅋㅋ"
##키로 좋 ~ ~ ~,52키로 딱 좋앙~~~
53살면 어때 아빠가 곽성인데....,53살 아빠면 어때 아빠가 곽부성인데.... 축하해요
6월 29일 전미선에 이어 7월 31일 박일님... 올해 연예계 비보가는 거죠?,6월 29일 전미선에 이어 7월 31일 박일 성우님... 올해 몇번째 연예계 비보가 내려오는 거죠?
M & A전문가 직업이? ^ ^ PF금융업억 종사 저런 직업은 처음. ㅋ,M&A전문가란 직업이 있어요?^^PF금융업억 종사하는데 저런 직업은 처음.ㅋ
Yg가 망하면 안되는이유 걸적톱 블랙핑크 때문이라도 흥해야함,Yg가 망하면 안되는이유 걸그룹 독보적 원톱 블랙핑크 때문이라도 흥해야함
##가이지,bts가 짱이지
##g겠지 했을까,cg겠지 저걸 실제로 했을까
##m진은 kbs아나들만 하는줄알았는데..,fm대행진은 kbs아나운서들만 하는줄알았는데..
jyp 구내식당 진짜 모든들중에서이,jyp 구내식당 진짜 모든회사들중에서 갑이더라
##로애인정 맞은거아녀????,sns로 열애인정해서 맞은거아녀????
##n은 진짜 또 걸리냐 ㅋㅋ 불쌍하다.,tvn은 진짜 또 걸리냐 ㅋㅋㅋ 불쌍하다..
~나이 쉰네살인 순간순간 옛기억이 떠오를때 부끄러워 나혼자 몸이 오그라들때가 ~ 공배우님도 그런 느낌 아닌까요 ~,~내나이 쉰네살인데 순간순간 옛기억이 떠오를때 부끄러워 나혼자 몸이 오그라들때가 있는데 ~공배우님도 그런 느낌 아닌까요~
##ㅏ경 미모 봐라. 실화냐?,ㄴㅏ경원 미모 봐라. 실화냐?
ㅇㄴㅇ 맴버중 한명은 친할법한데.. ㅇㅇ지... 있었던거냐,ㅇㄴㅇ 맴버중 한명은 친할법한데 ..ㅇㅅㅇ 라던지... 무슨일이 있었던거냐
ㅋㅋ 첫 열애 기사 떴을 때 베뎃 전부 다 단톡방 내용이었는데 글쓴 쫄리 제발 선처 해주지 않았으면 좋겠다,ㅋㅋ 첫 열애 기사 떴을 때 베뎃 전부 다 단톡방 내용이었는데 글쓴 애들 쫄리겠네ㅋㅋ 제발 선처 해주지 않았으면 좋겠다
ㅋㅋㅋ 츄 ㅋㅋㅋ 짠내에서 ㅋㅋㅋㅋㅋ 정말 해드라 ㅋㅋㅋㅋㅋㅋㅋㅋ,ㅋㅋㅋ 츄 ㅋㅋㅋ 짠내투어에서 봤다 ㅋㅋㅋㅋㅋ 정말 해맑드라 ㅋㅋㅋㅋㅋㅋㅋㅋ
ㅋㅋ당가 아니라 막거지,ㅋㅋㅋㅋ당당하게가 아니라 막나가는거지
ㅋㅋㅋ복면가왕 여자가왕 소향이,ㅋㅋㅋ복면가왕 레전드 여자가왕은 소향이지
ㅋ그 여자랑 알렉스가 팔던... 커서 바느질하고 있었는데 나옴 ~ ㅎㅎ바지가 보 난리 ~ ㅜ,ㅋ그 여자랑 알렉스가 팔던 바지. . . 커서 바느질하고 있었는데 나옴~ ㅎㅎ바지가 보풀이나서 난리~ ㅜ
ㅋ재져된다,ㅋ넘재미져 힐링된다
ㅎㅎ신부가 옆에 있으니 다른이미지보이네요 부끄러워하는건지ㅎ하고요아 울집 시어머니보시면 안될.. 48우리 아주님 장가가라 다시 말씀하실듯.. ㅎ,ㅎㅎ신부가 옆에 있으니 다른이미지보이네요 부끄러워하는건지ㅎ축하하고요아 울집 시어머니보시면 안될것같아요..48우리 아주버님 장가가라 다시 말씀하실듯..ㅎ
ㅠㅠ 박일성빙한 영화를 보며 성장한거나 마찬가지입니다. 목소리 그리울꺼예요. 삼가 고인의명복을빕니다.,ㅠㅠ 박일성우님이 더빙한 영화를 보며 성장한거나 마찬가지입니다. 목소리 그리울꺼예요.삼가 고인의명복을빕니다.
가면왕 아직도 하네.다 ㄹ,가면가왕 아직도 하네 ..반갑다 ㄹ
##관으로 ~ ~ ~,가자 장미여관으로~~~
간만에 한번보려다 보기겨워 채널돌림 왜그래풍상씨 새로하네은 이걸루,간만에 한번보려다 보기힘겨워 채널돌림 왜그래풍상씨 새로하네 수목은 이걸루~
갈 가는게이죠... 삼가고인의,갈사람은 가는게 이치이죠...삼가고인의명복을빕니다
##도죠 ~ ~ ~ 되었더라면 출국 못하는거고 ~ ~ 별걸 다 걱정하십니다.,갈수도 있는거죠~~~못가게 되었더라면 출국 못하는거고~~별걸 다 걱정하십니다.
##져,갈수록 재미 없어져
종,갈수록 종답이네
,갈수록 호감ㅋ
##만 한게같.. 방송보다 누구지 했는데,감량만 한게 아닌거같던데..방송보다 누구지 했는데
감우성 연기 완전 ㅠㅠ초딩들이 울었네요ㅠㅠ최니다 *!!!!,감우성 연기 완전 대박 ㅠㅠ초딩 아들들이 울었네요ㅠㅠ최곱니다*!!!!
##♡이 더 잘렸는데 아쉽,강남♡유이 더 잘어울렸는데 아쉽
##이같지..,강남이 왜 거짓말같지..
##지옷이으로냐? 기자야,강수지옷이 흰색으로보이냐?기자야
강원래 엄청 까였 좋아해주는가보네?,강원래 한동안 엄청 까였었는데 이제는 좋아해주는가보네?
강타 지디 영웅재중 탑 방탄 동해 이특 시원 애들만생기고 비얼음,강타 지디 영웅재중 탑 방탄 동해 이특 시원 애들만 잘생기고 비쥬얼좋음
##형우캍은 사람이 정이 많아보이지 저런사람이 칼 자르면 정말 냉정하단다,강형우캍은 사람이 정이 많아보이지만 저런사람이 칼같이 자르면 정말 냉정하단다
##김ㅋㅋㅋㅋㅋㅋ,개웃김 ㅋㅋㅋㅋㅋㅋㅋㅋ
##g랑 잘릴거같긴한데 ㅠ,개인적으로 yg랑 잘어울릴거같긴한데 ㅠ
눈물은 윤세리보다 서단이 훨씬 슬음,개인적으로 눈물 씬은 윤세리보다 서단이 훨씬 슬펐음
개존임보세요,개존잼임 이거 꼭보세요
##적으로 희성이랑됐 좋겠다,갠적으로 희성이랑 연결됐음 좋겠다
걍 가볍게좋당아까울정도는아니였음,걍 가볍게 주말에보기좋당 돈아까울정도는아니였음
건나 없음 시청없다,건나블리 없음 시청의미없다
건축학 개 지금 다시 봤는데 솔직히 건축학 개 보다는 아닙니다ㅋ 건축학 개론은 건들지 맙시다ㅋ 볼때마다 애려 옵니다ㅜㅜ,건축학 개론 지금 다시 봤는데 솔직히 건축학 개론 보다는 아닙니다ㅋ 건축학 개론은 건들지 맙시다ㅋ 볼때마다 가슴이 애려 옵니다ㅜㅜ
##하네,겁나 이쁘긴하네
##가이네?,게리가 두명이네??
##별로여도태땜에 볼듯,게스트별로여도 차태현땜에 볼듯
##나올때까지는 신동욱편도 조부편도 들면 안될듯ㅡ사실 연예인들이 뒷통수치는걸 종종 봐서 지금은 아끼고 좀더땐거같음,결과나올때까지는 신동욱편도 조부편도 들면 안될듯ㅡ사실 연예인들이 뒷통수치는걸 종종 봐서 지금은 말을 아끼고 좀더 지켜볼땐거같음
결국 유연석도 ㅋㅋㅋㅋ프렌즈사기에 잘 끝났네,결국 유연석도 ㅋㅋㅋㅋ커피프렌즈는 적당한사기에 잘 끝났네
쥬글,결국 쥬비스 광고글
결국은 주말시간대에 20프로 실패했구나 역시 스브스는 평일시간대에 21프로 돌파한 김사부2가 최고네 김사부2는 초중반에 21프로 돌파중인데ㄷㄷㄷ 김부2 한규 확정 ㄷㄷㄷ,결국은 주말시간대에 20프로 실패했구나 역시 스브스는 평일시간대에 21프로 돌파한 김사부2가 최고네 김사부2는 초중반에 21프로 돌파중인데ㄷㄷㄷ 김사부2 한석규 대상 확정 ㄷㄷㄷ
##베같은 남자...,결혼은 알베같은 남자와...
결혼하고 인기하락....지???,결혼하고 인기급하락....왜지???
결혼해서 더거 ~ ~ ~ 친구들과의 넘거 ~ ~,결혼해서 더 느끼는거~~~ 친구들과의 시간이 넘 좋다는거~~
경규형률이네,경규형 다 최고시청률이네
경솔하다.. ; ;친이 같이 방송일분..,경솔하다..;;전여친이 같이 방송일 하시는분인데..
##스럽고 고집도 있어부러져보임,고급스럽고 고집도 있어보이고 똑부러져보임
##럼럼,고럼고럼 당연한거지
##하지 ~ 사람 괴롭히고 ~,고마하지 좀~ 사람 그만 괴롭히고~
고모닮았네 ~ 컸ㅎ,고모닮았네~~많이 컸네ㅎ
##하기었을텐데하신듯 ^ ^,고백하기 힘들었을텐데 대단하신듯^^
##가 도망간건게 왜 얘임?? 도망간애 다시 데려와서 키우고 왜??,고양이가 도망간건게 왜 얘 잘못임?? 도망간애 다시 데려와서 키우고 있다는데 왜??
고이은주배우와 서로했다고했을때랑모습ㅇ다,고이은주배우와 서로사랑했다고했을때랑 너무다른모습ㅇ다
고현정리스마 넘이다,고현정카리스마ㄷㄷ 넘이쁘다
같이 친게의 사건과 공모했다는 증거야 뭐야? 왜 박한별이받지?,골프 같이 친게 남편의 사건과 공모했다는 증거야 뭐야? 왜 박한별이 비난받지?
싶어서 하나? 기자들이 캐고 다니면서 단독 타이틀 걸고기사내니까 하지. 기자가 일으키고 기자가 부추기고 기자가하네,공개하고 싶어서 하나?기자들이 캐고 다니면서 단독 타이틀 걸고기사내니까 하지..기자가 일으키고 기자가 부추기고 기자가 걱정하네
보지,공연 보지 맙시다 ㅠ
"과했다. 일본정부의 잘못이지, 원폭으로 죄 죽은들의 잘못이. 이게 얼마나 무서운 행위인지 인지하지 못한다는게 더 무섭게 느껴진다.","과했다. 일본정부의 잘못이지, 원폭으로 죄없이 죽은 민간인들의 잘못이 아니다. 이게 얼마나 무서운 행위인지 인지하지 못한다는게 더 무섭게 느껴진다."
광형님 성형팬 꼭좀 전해주세요,광규형님 성국이형팬입니다 꼭좀 전해주세요
교통사고 피해자랑 합의를 하면 형사처벌을 안받는게 노엘이 합의금 후하게 주고 합의 성사가 원만하게 된 거를건지 모르겠다 ㅋ,교통사고 피해자랑 합의를 하면 형사처벌을 안받는게 아닌데 노엘이 합의금 후하게 주고 합의 성사가 원만하게 된 거를 왜 까는건지 모르겠다 ㅋ
구미호때 연기셨,구미호때 연기 정말 잘하셨었음
구씨덕에 이것도 안 믿기네.까지자,구씨덕에 이것도 안 믿기네. 결과 나올때까지 기다리자
구짱,구짱도 행복하세요
##찌촬영중억 찍으셨나보네요 ~ ^ ^!!,구찌 화보촬영중억 찍으셨나보네요~ 멋져요^^!!
구혜선,구혜선 화이팅..
구혜선 ~길,구혜선 화이팅~ 꽃길만 걷길
구혜선,구혜선 힘내세요.
구혜선이 인스타 글만 올리면 준비했다가 기사올라오고 댓글들 순식간에 달리고.. 이상하다는 분 많네요. 연예소속사 비리원 ~ ~ 밖에나가도 이상하다는 분들 많아요,구혜선이 인스타 글만 올리면 준비했다가 기사올라오고 댓글들 순식간에 달리고..이상하다는 분 많네요.저도 연예소속사 비리 국민청원원해요~~밖에나가도 이상하다는 분들 많아요
국민 엠,국민 엠씨 가즈아
,군대부터 가야지
군대생활 기계가 할거,군대생활도 기계가 할거나?
궁금해서 인스타 구경했는데 열심히 영상도 올리고 걍게 보이는데 ㅋㅋㅋㄹㅇ 여자,궁금해서 인스타 구경했는데 열심히 영상도 올리고 걍 귀엽게 보이는데 ㅋㅋㅋㄹㅇ 여자임 전
##없으면 이래라 저래라,권리없으면 이래라 저래라 말하지마
,귀여운 커플
규도 줘요 ~ ~ ♡♡,규현도 이제 껴 줘요~~♡♡
그 여자도 인생이 치욕스러운 오래도록 잊혀 않을겁니다. 아무리 10년 전 일이라지만 내 욕구 잠시 채우고자 했던 행동들 충분히 반성하시고 다시 돌아오세요..,그 여자도 인생이 바뀌고 치욕스러운 고통은 오래도록 잊혀지지 않을겁니다.아무리 10년 전 일이라지만 내 욕구 잠시 채우고자 했던 행동들 충분히 반성하시고 다시 돌아오세요..
그걸 즐기는 거면 할 말은 없다 ~ ㅋㅋㅋㅋ 같은 저러는 거 이해가 되 함 ㅋㅋㅋㅋㅋㅋ,그걸 즐기는 거면 할 말은 없다만~ ㅋㅋㅋㅋ 같은 저러는 거 이해가 안 되긴 함 ㅋㅋㅋㅋㅋㅋ
사람이 황수정.,그나마 이미지 비슷한 사람이 황수정.
그나이에하고 ~,그나이에 용감하고 멋지세요~
..충 연예인인가요??,그나저나..김충재는 연예인인가요??
그냥 둘이 맘에있는듯 ~ ~ 홍진영은 등치있고있는 상탈을 좋아하고 김종국도 애교많은 여자를 좋아하는듯ㅋ,그냥 둘이 맘에있는듯~~홍진영은 등치있고 리더십있는 상남자스탈을 좋아하고 김종국도 애교많은 여자를 좋아하는듯ㅋ
,그냥 보통인듯
##어라 ^ ^ * ♡,그냥 사귀어라*^^*♡
그냥 되게 많이 하신 깡마른 허벅지보단 보기 좋음,그냥 운동 되게 많이 하신거 같은데 깡마른 허벅지보단 보기 좋음
,그냥 응원합니다
그냥 이렇게 바이인 데뷔가 답이다,그냥 이렇게 된 이상 바이나인 데뷔가 답이다
그냥 잘생긴 개그맨이라 생각했는데 머리 밀어버 엄청생겼네요 ; ; 너무생겨서 당황스러운..,그냥 잘생긴 개그맨이라 생각했는데 머리 밀어버리니 엄청 잘생겼네요;; 너무 잘생겨서 당황스러운..
,그냥 재밌게 봅시다
,그냥 하차해요
그다지... 애들 ~ ~ ~ ~,그다지 ...애들땜에 봤지~~~~
그래도 난다 ~ 파격적으로 김현주랑 좋겠다,그래도 난 재미있다~ 파격적으로 김현주랑 이어지면 좋겠다
그래도 욕은.. 니들 썩은재료에 위생더러운 음식점이 얼마나.. 차라리 맛없는게 낫지,그래도 욕은 하지마라.. 니들 모르게 썩은재료에 위생더러운 음식점이 얼마나많은데.. 차라리 맛없는게 낫지
유혹자 포상휴가죠,그래도 유혹자 포상휴가는 가야죠
##를 베풀 더 좋았을거 같다 설현아...,그래도 자비를 베풀면 더 좋았을거 같다 설현아...
##생겼으니 조금만 쉬고 나오면 다해 주것지.. 한국은 외모지장주의의 나라니까 다행다행.. 복귀 기념 콘서트 성황리에 매진! 함내세용,그래도 잘생겼으니 조금만 쉬고 나오면 다 이해해 주것지..한국은 외모지장주의의 나라니까 다행다행..복귀 기념 콘서트 성황리에 매진! 함내세용
혜빈이가 잘줘서 다행이네..,그래도 혜빈이가 그동안 잘 참아줘서 다행이네..
그래도웃긴다....처리하면될. 생명의은인인데.,그래도웃긴다.... 모자이크처리하면될걸. 생명의은인인데 너무한다.
"그러고 보니 개그맨, 개그우먼들이 잘사귀다 결혼하고 또 오랬? 없이사네","그러고 보니 개그맨,개그우먼들이 잘사귀다 결혼하고 또 오랬동안 트러블? 없이 잘사네"
##구태현네 소속사 배우가 안좋은일로 이러는거 처음보는거 같네 ~,그러구보니 차태현네 소속사 배우가 안좋은일로 이러는거 처음보는거 같네~
그럴 있지 이 까짓게 뭔 홍자 목소리가 더 좋아,그럴 수도 있지 이 까짓게 뭔 논란이야 홍자 목소리가 더 좋아
그럼 보 외롭잖아...,그럼 보검이가 외롭잖아...
그렇게 큰죄를 지었나? 침해가 심한.!,그렇게 큰죄를 지었나? 사생활 침해가 너무 심한대.!
그렇죠ㅡjyp는 멋진스승나 열심히하길! jyp영하라,그렇죠ㅡjyp는 멋진스승이죠 어디서나 열심히하길!jyp영원하라
##비시다ㅡ솔직히 딸이 대세니 그냥 할수있는말같은디ㅜ왜들그렇게... 그냥..히 낳길 축복해줍시다 ~,그만좀비꼽시다ㅡ솔직히 딸이 대세니 그냥 할수있는말같은디ㅜ왜들그렇게...그냥..건강히 낳길 축복해줍시다~
"그분들 몰려오겠네, 남한테 피해주는것도하고싶어서 하는건데 뭐라고들 하지맙시다.","그분들 몰려오겠네 에휴, 남한테 피해주는것도 아니고 본인이하고싶어서 하는건데 뭐라고들 하지맙시다."
"그와중에 박수홍씨급은 없네용 바쁘셨나,.코디. 삼가고인의명복을","그와중에 박수홍씨언급은 없네용 바쁘셨나 , . 힘내세요코디 . 삼가고인의명복을 빕니다"
그와중에 조보 너무다....,그와중에 조보아 너무 예쁘다....ㅠ
지성이 맡은 정말 별로,극중 지성이 맡은역할 정말 별로
##년 문자만 공개된거면 그 이후에는 짓 한게 없어서 10년 전 카톡으로 협박한거 아님?,근데 2014년 문자만 공개된거면 그 이후에는 나쁜 짓 한게 없어서 10년 전 카톡으로 협박한거 아님?
근데살도 유모차 씀?? 애가 15년 초 출생인걸로 아는데..살이 유모차탈나이는 지나지 않았나,근데 5살도 유모차 씀?? 애가 15년 초 출생인걸로 아는데.. 5살이면 유모차탈나이는 지나지 않았나
근데 궁금한데 이혼 시부모나 장인장모랑 어떻게 되냐? 길에서 어떻게 되게 궁금하네. 관계가 달라졌으니 서로 뭐라고 호칭할지 어떻게 대할지 궁금해.,근데 궁금한데 이혼하면 시부모나 장인장모랑 어떻게 되냐? 길에서 만나면 어떻게? 되게 궁금하네. 관계가 달라졌으니 서로 뭐라고 호칭할지 어떻게 대할지 궁금해.
근데 김은숙 작가은 항상는 쳐ㅠㅠ,근데 김은숙 작가 작품은 항상 후반부는 쳐진다ㅠㅠ
근데 너무 김수현 말투하는 느낌이... 목소리가데까지...,근데 너무 김수현 말투 따라하는 느낌이...목소리가 비슷한데 말투까지...
근데 애교스럽? 기분나쁜 투라기,근데 댓글이 애교스럽던데 ? 기분나쁜 투라기보다는
민아까지 나가면 노래는한다냐??,근데 민아까지 나가면 노래는 누가한다냐??
근데 박보검이랑 나오는는 도저히 보.....,근데 박보검이랑 나오는 드라마는 도저히 못 보겠다.....
근데 여자긴 오지게 예쁘다 여자의 첫사랑이 정겨운이라면 정겨운은 진짜너다,근데 여자 이쁘긴 오지게 예쁘다 저 여자의 첫사랑이 정겨운이라면 정겨운은 진짜 위너다
근데 이렇게하고 흥분하는 많지 ~ ~ ~ ~ ~ ~,근데 왜 이렇게 오바하고 흥분하는 사람들이 많지~~~~~~
근데 이 분 진짜 뺨쳐는 반박불가,근데 이 분 진짜 영화배우 뺨쳐요 미모는 반박불가
근데 이건 솔직히 불법영업인지 모를수도 있을것같은데.. 그냥 유흥업소 알...,근데 이건 솔직히 불법영업인지 모를수도 있을것같은데..그냥 유흥업소인건 알앗을거고...
근데슬혜는이 황우임?씨가 있나,근데 황우슬혜는 성이 황우임 ? 황우씨가 있나
근데... 왜 나오지? ㅋㅋ 가족단위 합산 과세도 아니고..... 오히려 결혼 하면 더 잇는데... ㅋㅋㅋ,근데... 세금이 왜 더 나오지?ㅋㅋ 가족단위 합산 과세도 아니고..... 오히려 결혼 하면 혜택이 더 잇는데...ㅋㅋㅋ
##이혁은유부로 돈벌,근데이혁은유투부로 돈벌던데
근디 한서희는 무슨 쓰 이쁘. 정상적으로 데뷔했으면 꽤 떴을것같다,근디 한서희는 무슨 사진을 쓰더라도 이쁘네. 정상적으로 데뷔했으면 꽤 떴을것같다
##도 빡 했을텐데 근육이 없네.. 3달이면 충분히 눈에 보일만큼 생기는데,근력 운동도 빡시게 했을텐데 근육이 없네.. 3달이면 충분히 눈에 보일만큼 생기는데
금방 끝날줄 알았는데 이리 길게도 가니 정신적 교감이 있는인가? 어쨌든 보기 드물긴하다. 그리고 김민희 에다,금방 끝날줄 알았는데 이리 길게도 가니 진짜 정신적 교감이 있는 사랑인가? 어쨌든 보기 드물긴하다.그리고 김민희 에쁘다
##적 마인드... 어쩜기도,긍정적 마인드... 어쩜 부럽기도해요
##합 몽이님,기대합니당 몽이 행님
기사를 봐도 뭔소리인지 모르겠네. 게다가 저당시 세균전이라니...라도...이지?,기사를 봐도 뭔소리인지 모르겠네. 게다가 저당시 세균전이라니...판타지라도 이건... 농담이지?
기사에 맨날 단발 댓글만 달려서 본인은 속상할 수도 있겠지만 단발이 너무 심하게 잘 어울려.발 때랑 너무 심해 ㅋㅋ,기사에 맨날 단발 댓글만 달려서 본인은 속상할 수도 있겠지만 단발이 너무 심하게 잘 어울려. 긴발일 때랑 차이가 너무 심해 ㅋㅋ
,기안84 좋아요
스했음,기안편은 스킵했음
기어다닐 진짜 ㅋㅋ,기어다닐때가 진짜 귀여웠는데 ㅋㅋ
이성재??? 육,기자님 이성재요???육인데
기자님 푹 빠져서나보네요 ㅋㅋ어 들마 못봐서 엄청 궁금했는데 재 안봐도 되겠다는... ㅋㅋㅋㅋ,기자님 푹 빠져서 보시나보네요 ㅋㅋ어제 들마 못봐서 엄청 궁금했는데 재방 안봐도 되겠다는...ㅋㅋㅋㅋ
##도 썼다지 않을 정도 살찌면 괜찮지,길게도 썼다 아프지 않을 정도만 살찌면 괜찮지
길용인 줄,길용인 줄 알았음 ㅜㅜ
김건모 서태지함,김건모 서태지 느낌이 비슷함
김고연 이고같다.. ^ ^,김고연 진짜 이뿌고 한결같다.. ^^
김고은 속 사진보고 왔는데... 훨씬심 ^ ^,김고은 기사 속 사진보고 왔는데.. . 훨씬 아름다우심 ^^
김명민 김현주 이어주ㅠㅠㅠ너무커,김명민 김현주 이어주세요ㅠㅠㅠ너무 이쁜커플
김민희대..해주고싶다,김민희배우좋은대.. 응원해주고싶다
김민희씨 보지 늘하세요,김민희씨 뒤돌아 보지 말고 늘 행복하세요
김보라 얘는 이때까지 맡은들보면 전부다 우울하고 비극 역할뿐이 ~ ~,김보라 얘는 이때까지 맡은 배역들보면 전부다 우울하고 비극적인 역할뿐이드라~~
##라 이쁘네,김보라 이쁘네
김보미가 더하지? 골프계의 아이돌,김보미가 더 유명하지 않냐? 골프계의 아이돌인데
##롬씨 때문에 맘고생이 심했나보네요 부디 힘내시고 법원도 부디해주길,김새롬씨 때문에 맘고생이 심했나보네요 부디 힘내시고 법원도 부디 선처해주길
김생민도,김생민도 보고싶어요 ㅠ
##미 정말한 사람이다. 40년간 이렇게 종횡무진할수 있는 사람 별로없다.,김수미 선생님이 정말 힙한 사람이다. 40년간 이렇게 종횡무진할수 있는 사람 별로없다.
김수미씨짱✌✌보고있으면힐링두돼고 틀박인이랑 차이나요 구수한입담 정겨운 마음씨 옆집 화끈하고 시원스런 동네큰언니같아서 최고최고✌✌✌,김수미씨짱✌✌보고있으면힐링두돼고 틀에박인 요리프로그램이랑 차이나요 구수한입담 정겨운 마음씨 옆집 화끈하고 시원스런 동네큰언니같아서 최고최고✌✌✌
김수찬이 훨씬 잘했음 트롯에 사람을 잘 주고있음에 문제 드러남,김수찬이 훨씬 잘했음 트롯에 어울리는 사람을 점수 잘 주고있음 심사에 문제 드러남
김신영은 진짜ㅋㅋㅋ,김신영은 진짜 최고 개그맨임ㅋㅋㅋ
김영광 너무지만 너무생기고해서 막상 사귀면 부담스러울꺼같슴 여자들은 확실히 잘생긴남자 싫어하지는않는데 근다고 진지하게 만나보려고 할 마음은 절대없음저부터서도글고 제주위친구들도 그럼,김영광 너무좋지만 너무 잘생기고 완벽해서 막상 사귀면 부담스러울꺼같슴 여자들은 확실히 잘생긴남자 싫어하지는않는데 근다고 진지하게 만나보려고 할 마음은 절대없음저부터서도글고 제주위친구들도 그럼
김원희씨 ~ 테클걸려는건 아니지만 남편분께서 그렇게 하실지 의문이네요. 본인아이 명은하지 않을까 생각되네요.,김원희씨~테클걸려는건 아니지만 남편분께서 그렇게 하실지 의문이네요.그래도 본인아이 한 명은 있어야하지 않을까 생각되네요.
##아가지?는 잘 하는듯,김윤아가 누구지? 노래는 잘 하는듯
김재중 존이 ㄷ ㄷ,김재중 존잘이더라 ㄷ ㄷ
김제동씨역쉬 입담 짱 ~ ~좀마니 ~ ~ ~,김제동씨역쉬 입담 짱~~프로그램좀마니해주셈~~~
"김종국♡홍진영 한표! 언능 가세요! 김종국, 홍진영 말만 나오면 실검. 바라는 커플인듯.","김종국♡홍진영 한표! 언능 가세요! 김종국, 홍진영 말만 나오면 실검 1위다. 국민들도 바라는 커플인듯."
김주원을 뛰어넘는 현빈의우로 기억될거으네 ㅎㅎ,김주원을 뛰어넘는 현빈의연기 유진우로 기억될거같으네 ㅎㅎ
김주혁님 죽은지 됬다고...쫌 같네요..,김주혁님 죽은지 얼마나 됬다고... 이건쫌 아닌것 같네요..
김지원 저런은 ㅎㅎ 그래도긴,김지원 저런 분장은 ㅎㅎ 그래도 이쁘긴 하지만
김태링 위정귀다..,김태링 위사진표정귀엽다..
김태희 서울대 미대 가지고 윤소한테 상대가 안되지 설대도 설대 나름인데 똑똑했네,김태희 서울대 미대 정도 가지고 윤소희한테 상대가 안되지 설대도 설대 나름인데 정말 똑똑했네
김하늘 코 이상한만어도... 더 좋았을텐데..,김하늘 코 이상한 설정만 안했어도 ... 더 좋았을텐데.. ㅠㅠ
##지,김학래가 피해자지
"김현주, 손예진스런에다가 연기력까지 갖춘안되는 배우.","김현주, 손예진 자연스런 미모에다가 연기력까지 갖춘 몇안되는 배우."
김혜준댕이같아해!,김혜준 귀여워 댕댕이같아 축하해!
김흥국 진짜 뭔가 계속게 일부러 누가듯,김흥국 불쌍하다 진짜 뭔가 계속 터지는게 일부러 누가 그러는듯
김희선 사진 볼려고..,김희선 사진 볼려고 왔는데 없네.. ㅠㅠ
김희선햇음함,김희선 연기 계속햇음함
꼭 그렇게 수술장면을 보여줘야하나요? 너무 불필요하게 적나라한이같네요,꼭 그렇게 수술장면을 보여줘야하나요? 너무 불필요하게 적나라한 수술장면이 나오는거같네요
꽃값이? 개,꽃값이 천? 개 부럽네
,꿀잼 ㅠㅠ
똥다,나 아침에 똥쌌다
나 왜이러지.. 오달수는 너무... 한국영화에 너무 인재가 폭망하는 꼴을.. 두눈뜨고 못보겄다.. 나또한 팬중에 팬이었는데..의 잘못된 행동.. 과거라지만 그 사실을... 어찌 돌릴껴.... 아이고.,나 왜이러지..오달수는 너무 아깝다...한국영화에 너무 아까운 인재가 폭망하는 꼴을..두눈뜨고 못보겄다..나또한 팬중에 팬이었는데.. 한순간의 잘못된 행동.. 과거라지만 그 사실을... 어찌 돌릴껴.... 아이고.
##때이였네요 ㅋ,나 중학교때 아이돌이였네요 ㅋ
LGIP댕 ~,나는 LGVIP인댕~
나는 가수다하고쉬 시즌투로 해라,나는 가수다 다시하고 좀쉬었다 시즌투로 해라
나는쌈디가 더재,나는쌈디가 더재밌던데
나는월세1000만원에70십네고사러 아들만셋.. 탁씨보니까나두거기가서살싶다..적이면,나는월세1000만원에70십네고사러 아들만셋.. 탁씨얘기보니까나두거기가서살구싶다..현실적이면
##살되서 저 감정 알짛ㅎㅎㅎ내가 엄마 한테 하고 싶은말 예빈이가 대신 해줘고마워ㅎㅎ,나도 14살 둘째되서 저 감정 알짛ㅎㅎㅎ내가 엄마 한테 하고 싶은말 예빈이가 대신 해줘고마워ㅎㅎ
나도 설리보면 천녀유혼의 임청하나 서기가 생각난다. 뭔가하고 몽적인 느낌이 나는 비얼..,나도 설리보면 천녀유혼의 임청하나 서기가 생각난다. 뭔가 애절하고 몽환적인 느낌이 나는 비쥬얼..
하면 가고... 꿈이겟지요? ㅋ,나도 식 하면 가고 싶다 ...꿈이겟지요?ㅋ
##땐 이다,나도 어릴땐 이뻤다
,나도 연애하고싶다
나라면 자 사,나라면 자핑이랑 사귐
,나랑 노상관
나랑동갑에 결혼한 년도 똑같으네아직 좀더 살아도 되는 나이인데.. 부디 가시길...,나랑동갑에 결혼한 년도까지 똑같으네아직 좀더 살아도 되는 나이인데..부디 좋은곳으로 가시길...
나만 결말 만족스럽나 중간에 고난과 역경 넘 많아서 하차할 아리공주 때문에 꾸역꾸역 결말 덕분에 띵작으로 기억할듯 ㅋㅋㅋㅋㅋ,나만 결말 만족스럽나 중간에 고난과 역경 넘 많아서 하차할뻔했고 아리공주 때문에 꾸역꾸역 봤는데 결말 덕분에 띵작으로 기억할듯 ㅋㅋㅋㅋㅋ
##함?,나만 보기불편함?
나만 비인이 더 싫은가 이세상에 연예인과 비연예인 둘만 존재하는.. ㅋ,나만 비연예인이 더 싫은가 이세상에 연예인과 비연예인 둘만 존재하는것도 아니고..ㅋ
나의는아였어. 그녀가 지금 무얼하고 잇는지. 정상적으로 했다면 김도아가 열심히 활약하고 있을 거야.,나의 최애는 김도아였어. 그녀가 지금 무얼하고 잇는지 궁금해. 정상적으로 했다면 김도아가 열심히 활약하고 있을 거야.
나이가?셔서...,나이가 ? 넘 어려보이셔서...
나이차이 많이요 ~ 둘다40대ㅎㅎ,나이차이 많이안나요~둘다40대 입니당ㅎㅎ
나이차이는 느껴지는데...씨 너무움.,나이차이는 느껴지는데...요즘 백종원씨 너무 띄움.
나탈리포만이 보인다 ~,나탈리포트만이 보인다 대박!~
,난 기안 좋은데
##족이나 해야지,난 대리만족이나 해야지
"붐 좋... 도박은 토니, 신혜성, 앤디, 이수근등 많이 있는데 유독 대중이 붐만 용서를 하는듯...","난 붐 좋던데... 도박은 토니, 신혜성, 앤디, 이수근등 많이 있는데 유독 대중이 붐만 용서를 안 하는듯..."
난 슈하는데도 넘 고통스러웠음. 그이 레이저은 쳐다도 안봄.,난 슈링크하는데도 넘 고통스러웠음.그이후 레이저 시술은 쳐다도 안봄.
난 언니도구 둘이격태 하는것도 재미있던데.. 왜들 그러냐,난 언니도 재미있구 둘이 티격태격 하는것도 재미있던데..왜들 그러냐
여자지만 송다은이 젤ㅋㅋㅋ,난 여자지만 송다은이 젤 매력있던데ㅋㅋㅋ
난 영상 보고 어 민 닮았네!......,난 영상 보고 어 민호 닮았네!하고 생각했는데......
난 오달수를 믿어요. 사과문이 싸이코패스일것 같네요. 피해 여자분 얘기도 진짜라고 믿어줄수는 없네요. 서로 만나서 이야기를 해보심이 좋을 듯 하네요. 심리상담사 대동하고 말이죠.,난 오달수를 믿어요. 사과문이 가까라면 싸이코패스일것 같네요. 하지만 피해 여자분 얘기도 진짜라고 믿어줄수는 없네요. 서로 만나서 이야기를 해보심이 좋을 듯 하네요. 심리상담사 대동하고 말이죠.
난 왜 이들을 밉상이라고 지.을 떨든 보기에 밉상인 행동을 하든 피해를 주는 것도 아닌데 왜들 발끈하는지...!!! 개인 sns에 이 정도 글과 사진은 남길 수 있는거 아닌가...,난 왜 이들을 밉상이라고 하는 지 모르겠다 .유난을 떨든 보기에 밉상인 행동을 하든 피해를 주는 것도 아닌데 왜들 발끈하는지... !!!개인 sns에 이 정도 글과 사진은 남길 수 있는거 아닌가...
난 왜 이혁이랑 이엘리야가됐음지? ㅜㅜ 항상 결말에는 망할걸 알아서 드라마보면 악역이 불쌍하게 느껴지고 응원하게 됨ㅜㅜ,난 왜 이혁이랑 이엘리야가 잘됐음 좋겠지?ㅜㅜ 항상 결말에는 망할걸 알아서 그런지 드라마보면 악역이 불쌍하게 느껴지고 응원하게 됨ㅜㅜ
난 이 배우만 보면 우리 엄마가더라...진다.,난 이 배우만 보면 우리 엄마가 생각나더라... 볼때마다 슬퍼진다.
이국주뎅... ㅎㅎ,난 이국주 좋던뎅...ㅎㅎ
난 틀린말 하나 없다... 노력도 하지 못 나오는거... 꺼내 줄 사람 없다,난 틀린말 하나 없다 생각하는데...노력도 하지 않으면 못 나오는거지...꺼내 줄 사람 없다
난소,난 함소원좋아
##듯이 사시길,남 보란듯이 행복하게 사시길
##민은현대판제갈명이 감탄또감탄,남궁민은현대판제갈공명이다 감탄또감탄
남규리,남규리 너무 예쁘다
남규리 아이린너무 이제보니 자매같다 너무스럽다,남규리 아이린너무닮았다 이제보니 자매같다 너무 사랑스럽다
"남들과 다른 통장들고, 사생활은 평범하고.... 연예인 살겠다고 마음먹고 연습생 시작한 그순간부터 삶은 포기해야겠다는 생각 못해봤나요?","남들과 다른 통장들고, 사생활은 평범하고 싶다....연예인으로 살겠다고 마음먹고 연습생 시작한 그순간부터 평범한 삶은 포기해야겠다는 생각 못해봤나요?"
남자이 이정재을까...,남자 주인공이 이정재였으면 어땠을까...
남자 지갑터내 어쩌내 말많은데 쟤 갤러리아퍼레사는데 한국에서 10위권안에 드는 아파트 20억은 넘는데 무명배우라도 집이 잘사는듯 실물보면 일반인들 명함 못내민다 당시에 나도 잘랐는데 어쩌다 본 폭풍의 여자 겨우,남자 지갑터내 어쩌내 말많은데 쟤 갤러리아퍼레사는데 한국에서 10위권안에 드는 아파트 20억은 넘는데 무명배우라도 집이 잘사는듯 실물보면 일반인들 명함 못내민다 당시에 나도 잘몰랐는데 어쩌다 본 폭풍의 여자 땜에 겨우 알아본
남자가 얼마나했으면 저럴까... 같은생기고 멋진로서 이해한다,남자가 얼마나 속상했으면 저럴까... 같은 잘생기고 멋진 남자로서 이해한다
남자들조아,남자들 혼자 라이프조아조아
"##주는 윤박임,,,,, 남주는라고!!!!!!","남주는 윤박임,,,,,남주는 윤박이라고!!!!!!"
남주여주가..맹한데..,남주여주가.. 밍숭맹숭한데..
남친보다 재미없나쳥률이 7 % 대 주말성까지 좋은데 얘네는 머리채 안잡으면 안되던데 아직까지 결과는 남친이군,남친보다 재미없나 시쳥률이 7%대 주말편성까지 좋은데 얘네는 남친 머리채 안잡으면 안되던데 아직까지 결과는 남친이군
남편 핵불쌍,남편 핵불쌍하다..
남편이 사기치러 다닌거도 아니고 그래도 능력있는 남자 인데 나같으면 당당하게 산다 ~ 박한별 잘못,남편이 사기치러 다닌거도 아니고 그래도 능력있는 남자 인데 나같으면 당당하게 산다~~ 박한별씨는 잘못없네요
남편이 장동건 다 좋겠다,남편이 장동건이야 다 가져서 좋겠다
친구가 김수현 사촌동생이란게 ㅎㅎ,내 친구가 김수현 아나운서 사촌동생이란게 자랑스럽다 ㅎㅎ
내가 보기에 얘는 아주 갈 연예인이라고 본다,내가 보기에 얘는 아주 오래 갈 연예인이라고 본다.
내가 아는크분들 40대부터는 아이를 부러 모냥이다아이가 있으면 더한 가정이된다,내가 아는 딩크분들 40대부터는 아이를 부러운 모냥이다아이가 있으면 더 화목한 가정이된다
내가 요즘 드라마에 꽂혀서 왠만한 드라마는 다 챙겨보는데 그중에 화유기가 제일 재미없음 마더 돈 흑내인생 리턴 화유기 이렇게 챙겨보는데 이중에서 화유기가 제일 재미없음,내가 요즘 드라마에 꽂혀서 왠만한 드라마는 다 챙겨보는데 그중에 화유기가 제일 재미없음 마더 돈꽃 흑기사 황금빛내인생 리턴 화유기 이렇게 챙겨보는데 이중에서 화유기가 제일 재미없음
내가 저기있음 현주올인한다 여자임 웃어주는 사람이랑 있음 행복하지 왜웃냐고 따지는 이상한거,내가 저기있음 현주올인한다 좋은 여자임 웃어주는 사람이랑 있음 행복하지 왜웃냐고 따지는 사람들이 이상한거임
♡♡김혜수♡♡ 언니♡ 동생,내가 좋아하는 ♡♡김혜수♡♡ 언니♡ 동생분
##꺼보지,내꺼 넘보지마
내의 4대보 박정현 린영.... 윤미래 ~,내마음의 4대보컬 박정현 린 백지영....윤미래~
##치고 원니넣는게 베스트인듯,내치고 원타임 데니넣는게 베스트인듯
낸시랑씨가길,낸시랑씨가 건강하게 살아가길 바래요
##엽다 증말..!!,너무 기엽다 증말..!!
,너무 마녀사냥 아닌가
,너무 부러워 둘다
너무요ㅠㅠㅠ 사람구비가 어찌저럼,너무 예뻐요ㅠㅠㅠ 사람 이목구비가 어찌저럼
모녀 ~ ^ ^,너무 예쁜 모녀입니다~^^
,너무 이쁘다
,너무 이쁘던데
너무어ㅋㅋㅋ 만찬이들 사내연애ㅋㅋ 꿀잼이겠다,너무 재밌어ㅋㅋㅋ 이번주 만찬이들 사내연애하네ㅋㅋㅋㅋ 꿀잼이겠다
아쉬워요 ~ ~ 9연승까지 갔으면 했는데... 그동안 이석훈 만찢남의 행복했습니다 ~ ~ ♡♡,너무너무 아쉬워요~~ 9연승까지 갔으면 했는데...그동안 이석훈 만찢남의 노래를 들으며 행복했습니다 ~~♡♡
##밌게네요 ㅋㅋㅋ,너무재밌게봤네요 ㅋㅋㅋ
##요. 정미애.,넘 예뻐요. 정미애님.
##세요.......,넘 이쁘세요.......
잘려욤 ^ ^,넘 잘어울려욤~^^
,넘 재미있어요
##뻐서 이렇게생기구파성격도사럽더라,넘예뻐서 이렇게생기구파성격도사랑스럽더라
넘재었음강문영씨화이팅 김광규씨화이팅최시나오디마,넘재밌었음강문영씨화이팅 김광규씨화이팅최성국시나오디마
네 다 터지는 옥주현 나올때더욱 집중된다...,네명 다 매력 터지는데 옥주현 나올때더욱 집중된다 ...
네이버 오늘부로으련다같지도 않은.,네이버 오늘부로 끊으련다 기사같지도 않은..
노라조,노라조 화이팅
##마니 하네. 언니. 물론 부모님 재력이 뒷받침되었겠지만. 그래도 유학가서 공부안하고 노는애들진짜,노력마니 하네. 언니 존경합니다. 물론 부모님 재력이 뒷받침되었겠지만. 그래도 유학가서 공부안하고 노는애들진짜 많은데
,논란 해명 부탁드립니다
누가 응원을 해요?물 있어요?,누가 응원을 해요?? 응원물결이 있어요?
누가사고가났던 일단의료사고가....병원이죠 거기,누가사고가났던 일단의료사고가 났다는게....어디병원이죠 거기
##섭 태도 별로 하신분 ㅋㅋㅋㅋㅋ,누구 이창섭 태도 별로라고 하신분 ㅋㅋㅋㅋㅋ
누구랑할지 절세미랑네,누구랑결혼할지 절세미인이랑 부럽네
##아님?보니 살아있더만,누군가의 상상아님? 예고보니 살아있더만
누군지도 없음,누군지도 모르고 관심도 없음
누나감 ㅇㅇ,누나는 시집 잘감 ㅇㅇ
눈빛이 소름돋는다는거.. 못느끼나.... 사람이 말하면 쳐다볼수있는거..?,눈빛이 소름돋는다는거.. 나만 못느끼나.... 당연히 사람이 말하면 쳐다볼수있는거 아닌가.. ?
부시게게어요 ~!,눈이 부시게 재미있게 봤어요~!
##룸주가 한번 하지... 아나운서 같던데...,뉴스룸 김남주가 한번 하지...진짜 아나운서 같던데...
뉴이스트 리더 j 떨어진 게 말도 생각했는데,뉴이스트 리더 jk가 떨어진 게 말도 안된다고 생각했는데
,능력있네요 부럽다
다 자기 업보예요 김구라가그렇게조해줬는데이제는행하세요,다 자기 업보예요 김구라가그렇게조언해줬는데ㅠ이제는행복하세요
다 한때다.. 냅둬라 지멋이라는데... 10때 유행옷 20대때 다시입으라하면 못입듯히 나이가점점 차고십줄 다 멈출거다냅둬라,다 한때다 .. 냅둬라 지멋이라는데...10때 유행옷 20대때 다시입으라하면 못입듯히 나이가점점 차고 삼십줄되면 다 알아서 멈출거다냅둬라
##니남편 내남자 ~ ♥,다니엘헤니 내남편 내남자 ~♥
다둥이 뜻을 모르는것.. 기자님... 무.,다둥이 뜻을 모르는것 같습니다..기자님...무튼 축하해요.
다들 심심한가봐요 사실일수도 거짓일수도있는거아니예요여자 한만디에 모든게사실이 되나요?달씨 불쌍...,다들 심심한가봐요 사실일수도 거짓일수도있는거아니예요 그여자 한만디에 모든게사실이 되나요? 오달수씨 불쌍...
다들사랑받지못한살아와 인생이 말이요 참... 불쌍..,다들사랑받지못한체살아와 인생이 말이아니네요 참... 불쌍합니다..
다른 봤더니 원래 퉁퉁...,다른 사진 봤더니 원래 퉁퉁하시던데...
다른 애들이 더데주는지..,다른 애들이 더 나은데 왜이렇게 띄워주는지..
다름과 비정상은 전혀 다른얘기임. 본인이 자연의 순리를 거슬렀으면서 나머지 사람들을 나쁜 편견자라고 하면 안되요. 치료받고수있는 열리기를 바랍니다.겨워보여요.,다름과 비정상은 전혀 다른얘기임.본인이 자연의 순리를 거슬렀으면서 나머지 사람들을 나쁜 편견자라고 하면 안되요. 치료받고 돌이킬수있는 길이 열리기를 바랍니다. 힘겨워보여요.
##하셔야될듯ㅋㅋ,다시 배달하셔야될듯ㅋㅋ
찐다ㅋㅋ,다시 찐다ㅋㅋ
##에는 중국 남자야지,다음 생에는 중국 남자 만나야지
다음엔 몸으로.........................,다음 세상엔 저 몸으로 태.........................
화 꽃길 걷,다음 화는 꽃길 걷장
다음은 첩보액션물이나물리학자 역이 겁나 잘어울릴거같하오,다음은 첩보액션물이나 천재물리학자 역이 겁나 잘어울릴거같음 사랑하오
다필요없고 김지더라,다필요없고 김지원이 진짜 이쁘더라
단짠오피스 난소율버전이 더음 연기나지는 에너지가 풍부했어,단짠오피스 난 신소율버전이 더 좋았음 연기나 느껴지는 에너지가 풍부했어
답답하긴 한데 둘이 친해보이던데 이런을 연경선수가 원하진 않을듯. 정 불편하면 자르,답답하긴 한데 둘이 친해보이던데 이런 반응을 연경선수가 원하진 않을듯.. 정 불편하면 자르겠죠
대다수 국민들이 속으로는 마닷하면서 앞으로 잘하라는 의미에서 괜히 질책하는겁니다 마닷 ~!!,대다수 국민들이 속으로는 마닷 좋아하고 응원하면서 앞으로 잘하라는 의미에서 괜히 질책하는겁니다 마닷 화이팅 ~ !!
##니깐 자꾸 음주운전들하지.. 코앞가는것도 이만원달라하구...,대리비올리니깐 자꾸 음주운전들하지..코앞가는것도 이만원달라하구...
미모다레 오십아냐?!!,대박 미모다 낼모레 오십아냐?!!
대박이다. 엄마럼ㅜㅜ들보다 이쁘다,대박이다.엄마왜저럼ㅜㅜ 아가씨들보다 이쁘다
대은아 혹시나 협박받고 있거나 약점 잡힌거 있으면 크보 첫에서 보크해,대은아 혹시나 협박받고 있거나 약점 잡힌거 있으면 내년 크보 첫 선발경기에서 보크해
대한민국엔 2명의가 산다. 서장훈과 안재현. 그들 덕분에 나라가 망하지되는거다,대한민국엔 2명의 부처가 산다. 서장훈과 안재현. 그들 덕분에 나라가 망하지 않고 유지되는거다
이래 진짜... 한심하다...,댓글 왜 이래 진짜... 넘 한심하다...
진짜 더럽네. 본인이 끄적인 이마디가 남에게는 큰 상처가 수 있다는 것을 모르는건가,댓글 진짜 더럽네. 본인이 끄적인 이 몇마디가 남에게는 큰 상처가 될 수 있다는 것을 모르는건가
투척,댓글 투척
##수보니는대 득달같이달려드는 수준?,댓글수보니 재밌는대 득달같이달려드는 수준인대?
댓글에 전처 딸 얘기가 많아서 악플 그만 하라한건데... 송윤아님 편하게좀요.데 자꾸시지 마세요. 좀자식 낳고 잘사는데...,댓글에 전처 딸 얘기가 많아서 악플 그만 하라한건데...송윤아님 편하게좀 두세요. 아니라는데 자꾸 그러시지 마세요. 좀자식 낳고 잘사는데...
보니 성유리는가 맞네,댓글을 보니 성유리는 아직 대세가 맞네
,댓글이 없다니 1등
##들마다 아직도 일진설 믿고 있는 넘 많네 ㅋㅋㅋ 지금이 2010년도도 아니고. 언제까지 그 매달리며 살래??,댓들마다 아직도 일진설 믿고 있는 사람들 넘 많네 ㅋㅋㅋ 지금이 2010년도도 아니고. 언제까지 그 시대에 매달리며 살래??
빼면 이쁘겠다,더 빼면 진짜 이쁘겠다.
더하세요. 살인미수,더 자숙하세요. 음주운전은 살인미수!
데리고 잇는 애들이 그렇게 쳐놧.. 질때도.. 됫지..,데리고 잇는 애들이 그렇게 사고를 쳐놧으니..책임을 질때도..됫지..
,도가 넘었다
##속 소름끼치던 간신에서 코믹까지 두루두루 진짜,도깨비속 소름끼치던 간신에서 코믹까지 두루두루 연기 진짜 좋아요
도박맞는데 왜감싸지 반성한다는데 그게거지,도박맞는데 왜감싸지 자숙하고 반성한다는데 그게맞는거지
##끼.. 나이는.지만네..,독끼..나이는.어리지만 멋지네..
"##적 캐릭터에 끼 많고도 한국에 없는 캐릭, 언니!!","독보적 캐릭터에 끼 많고 지금까지도 한국에 없는 캐릭, 언니 화이팅!!"
돈었죠. 대기업만 사람임,돈 엄청 벌었죠. 대기업만 다니던 사람임
##으면 쓰던거 버리고 새것지.. 용대야..,돈많으면 쓰던거 버리고 새것 사야지.. 잘했어 용대야..
돈이는 아니라지만 첫째가 돈이 먼저지 에는 돈으로 세상을사니,돈이전부는 아니라지만 첫째가 돈이 먼저지 이세상 에는 돈으로 세상을사니ㅠ
돌아가셨부모님이라 이미 장례식장 가계시구요 오보아니래요 ~,돌아가셨대요 친구부모님이 지인이라 이미 장례식장 가계시구요 오보아니래요~
돌아오면 받아들일수 있다. 어서 함정와라,돌아오면 받아들일수 있다..어서 함정에서 빠져나와라
동백엄마가 동백이 지장찍어간건까요? 대출 이런거... 함안댁 미워,동백엄마가 동백이 지장찍어간건 멀까요? 대출 이런거라면... 함안댁 미워ㅜㅜ
동생면 관심을 자기쪽으로 가져오려고 유독 더 까불고 둘째는 이미 강자가 버티고 있기때문에 상대적으로 얌전한편이더라.도 애기인데 벌써 동생이 있으니 관심받고 싶겠지,동생 태어나면 관심을 자기쪽으로 가져오려고 유독 더 까불고 둘째는 이미 강자가 버티고 있기때문에 상대적으로 얌전한편이더라.윌리엄도 아직 애기인데 벌써 동생이 있으니 관심받고 싶겠지
##간 JTBC에서긴어게인2도 같이함 ㅋㅋ,동시간대에 JTBC에서 비긴어게인2도 같이함 ㅋㅋ
동윤아♡앞으로의 더할께ㅋ35세 아이둘줌마가,동윤아 사랑해♡앞으로의 연기 더 기대할께ㅋ35세 아이둘줌마가
##놈 될,될놈 될
두 사이에 이승환이 큰데... 이승환은 없었나 보네요,두 사람 사이에 이승환 공이 큰데...이승환 언급은 없었나 보네요
두로물을 보고 싶었는데 좋겠다...,두 사람의 멜로물을 보고 싶었는데 아니었으면 좋겠다...
##도 될까요? ^ ^,두분 기대해도 될까요?^^
,두분 어울리네요
두사람 보기요. 키스 돼지.,두사람 보기좋아요. 키스 이제부터 하면 돼지.
둘 다 완전 멋지고 예다ㅜㅜ 근데.. 음.... 효린 왜 안나올? 잔나비도 글쿠.... 음......,둘 다 완전 멋지고 예뿌다ㅜㅜ 근데.. 음.... 효린 기사는 왜 안나올까요? 잔나비도 글쿠.... 음......
누군지 모름,둘다 누군지 진심 모름.
둘다모름 유빈인가 하는 백지 데려가나,둘다모름 유빈인가 하는사람은 백지영 데려가지않았나
둘이관계 아녀? 친남,둘이 남매관계 아녀? 친남매는 아니더라도
둘이이 와전쩌네,둘이 농담이였음 와전쩌네
,둘이 사귀겠다
둘이 사귀는구나 ㅠㅠㅠㅠㅠㅠㅠ 잘리는데 너무럽다,둘이 사귀는구나 ㅠㅠㅠㅠㅠㅠㅠ 잘어울리는데 너무부럽다
둘이면 될듯ㅎㅎ 잘림,둘이 사귀면 될듯ㅎㅎ 잘어울림
,둘이 사귀어라
##더라 ‼ ️ ️,둘이 재밋더라 ‼️‼️
둘이연같음 ~ ^ ^,둘이 천생연분같음 ~^^
##넘레,둘이넘 설레설레
##는둥이가,둘째는 다둥이가 아닙니다
##는 딸요 형님,둘째는 딸 낳아요 형님
##쇼는 케이윌 팀을 거라고 본다. 진짜 너무다.,듀엣쇼는 케이윌 팀을 위한 거라고 본다. 진짜 너무 아쉬웠다.
##국 짝을듯 이제 남자답게 고백만 남았다,드뎌 김종국 짝을 만나듯 이제 남자답게 고백만 남았다
드라마 학교에서 여주인공이 ^ ^ 반장이거같,드라마 학교에서 여주인공이였어요^^ 반장이였던거같아요
##는 연장하면 없어요 선희와송장이해피앤딩되게해주세요,드라마는 연장하면 잼 없어요 선희와송기장이해피앤딩되게해주세요
드라마를 안봐서 모르겠지만 대충보니 아저씨가 어린여자와하는 드라마인가?? 어쨋든 이 드라마가 대중들에게 잘 어필해서 아저씨들도 당당하게 어린 여자와 수 그런 계기가 되었으면 하네요,드라마를 안봐서 모르겠지만 대충보니 아저씨가 어린여자와 연애하는 드라마인가?? 어쨋든 이 드라마가 대중들에게 잘 어필해서 아저씨들도 당당하게 어린 여자와 만날 수 있는 그런 계기가 되었으면 하네요
영재가 어머니를 자살로 이끌 아마?,드라마에서는 영재가 어머니를 자살로 이끌었죠 아마?
딘 넘생 ~,딘 넘 잘생김~♡
딸??징?,딸 예뻤는데??뭐징?
딸 정말있어보입니다 ~ ~로 자랄.,딸 정말 매력있어보입니다~~ 모델로 자랄 듯.
##같은건 아닌가? 어디가 딸같다는..,딸같은건 오버 아닌가? 어디가 딸같다는 건지..
딸도 엄청쁠거가족도 즐추하세요,딸도 엄청 이쁠거 같아요 주차가족도 즐추하세요
##들이네,딸들이 다 이쁘네
딸아 엄마시키 좀. 에휴,딸아 엄마 걱정시키 좀 마라..에휴
,또 이러고 있네
##한 알베르토,똑똑하고 겸손한 알베르토.
##수럴수 이럴수! 구리구리근ㅋ합니다ㅎㅎ,럴수럴수 이럴수!구리구리 양동근ㅋ축하합니다ㅎㅎ
##디가 효은보다 못했다,레디가 효은보다 못했다고?
레이디 제인이랑 헤어지고 잘것같음 쌈디는,레이디 제인이랑 헤어지고 잘언풀리는것같음 쌈디는
로또사러갔다가 인생 로또 맞았네요 장동윤 앞으로,로또사러갔다가 인생 로또 맞았네요 장동윤배우 앞으로 응원합니다♥
##킴은며... 아니라!!,로이킴은 아니라며... 아니라며!!
로코를 못 살려 연기가 재미가 없음,로코 대사를 잘 못 살려 연기가 재미가 없음ㅜㅜ
로코퀸두진 박민영!!!,로코퀸 쌍두마차 서현진 박민영!!!
류이호징,류이호 나온다 꼭 봐야징
류이호생겼네,류이호 잘생겼네
린이 더 잘했는데ㅠ쉬,린이 더 잘했는데ㅠ아쉬움ㅠㅠ
린이 완전 솔지는 솔직히 임팩트없어서 탈락각이었는데. ㅠ 린 오늘 다이었는데 아쉽다,린이 완전 잘하고 솔지는 솔직히 임팩트없어서 탈락각이었는데.. ㅠ 린 오늘 다 대박이었는데 아쉽다
마녀사냥 하자,마녀사냥 적당히 하자
마닷 별 ㅋㅋㅋㅋㅋ 보면 안다,마닷 별론데 ㅋㅋㅋㅋㅋ 나중에 보면 안다
##닷을거 같은데,마닷 안나오면 재미없을거 같은데
마닷님이홍수현님을많이하고있다는게눈에보여요 둘이너무잘려요까지했으면좋겠어요,마닷님이홍수현님을많이좋아하고있다는게눈에보여요 둘이너무잘어울려요 결혼까지했으면좋겠어요
마마랜드1 너무 재밌게 봤음. 그리고 난 이 분 밝고 쾌활해서 좋던데 왜들 못잡아먹어서 안달.? 영화찍고 방송하면 연예인이지 무슨 직업이 뭐냐는 둥. 박수진 친구가 직업이라는 둥. 말도 안되는들 하는 참.,마마랜드1 너무 재밌게 봤음. 그리고 난 이 분 밝고 쾌활해서 좋던데 왜들 못잡아먹어서 안달..? 영화찍고 방송하면 연예인이지 무슨 직업이 뭐냐는 둥. 박수진 친구가 직업이라는 둥. 말도 안되는 얘기들 하는 사람들 참.
##놓고 한댄다 하이,마음놓고 한댄다 하이고
,마음이 아프네요ㅠ
마이크로 닷이 무슨? 이제 떴 안타깝다. 연예인으로 뜨는건 복권당첨과하다던데.. 안타깝다.,마이크로 닷이 무슨 죄냐?이제 떴는데 안타깝다.연예인으로 뜨는건 복권당첨과 비슷하다던데..안타깝다.
마자주로아가면서줬음 좋겠다 ㅜ 진심 ㅠ,마자 격주로 번갈아가면서 나와줬음 좋겠다 ㅜ 진심 ㅠ
죽,마지막에 이승기 죽습니다
마흔이 요즘은 늦은 나이 아니예요내시고 잘리시길,마흔이 요즘은 늦은 나이 아니예요힘내시고 몸 잘 추스리시길
막내딸이랑 기태영 잘 난리들 ㅠ,막내딸이랑 기태영 잘어울린데 왜 난리들 ㅠ
만 17살이면인데 2차이나면수도잇지,만 17살이면 고3인데 2살차이나면 만날수도잇지
둘이 과연콩달 할까? ㅋㅋ 상상만해도 너무좋다,만찬 둘이 과연 알콩달콩 할까? ㅋㅋ 상상만해도 너무좋다
##어용 주름 애들키우니깐,많이 변했어용 주름 ㅠ 애들키우니깐
##었을텐데해줘서 고마워♡,많이 힘들었을텐데 컴백해줘서 고마워♡
말 좀고 해라 악플러들아 다에게로,말 좀 생각해보고 해라 악플러들아 다 본인에게로 돌아간다
##뷰 아주 달달,말투뷰터 아주 달달혀
##거 메시야 가야 사람 좀 줄었겠지 거품빠지고 차라리 잘됐다 현우 보고싶다,맛난거 먹으러 메시야 가야겠다 사람 좀 줄었겠지 거품빠지고 차라리 잘됐다 현우 보고싶다
##작도 이런 망작 읍,망작도 이런 망작이 읍던데
##도 아닌데 뭐저렇게까지 아이를 봐야,맞벌이도 아닌데 뭐저렇게까지 아이를 봐야하나ㅠ
,매력 쩐다
##이 넘치는...,매력이 넘치는 배우...
매주봐도 고주원만한 비얼이중에서도 흔치않다.. 정말생겼다,매주봐도 고주원만한 비쥬얼이 연예인중에서도 흔치않다..정말 잘생겼다
##없는. 그래서ㅋㅋㅋㅋ,맥락없는 드라마. 그래서 좋음ㅋㅋㅋㅋ
맨위에사진은 아오이사닮게요,맨위에사진은 아오이츠카사닮게 나왔네요
묶어 주 ~ ~,머리 좀 묶어 주셔요~~
묶어주라.. 애겠다,머리카락좀 묶어주라.. 애 덥겠다
싫어도 쫌 밥좀 먹고 다녀라 너무 술 하고 담배 커피만 먹네차하시길,먹기 싫어도 쫌 밥좀 먹고 다녀라 너무 술 하고 담배 커피만 먹네 언능 쾌차하시길
먼 매력에렸는지.. 그리 얼굴도 아닌데 하라가 넘디..,먼 매력에 끌렸는지 .. 그리 잘생긴 얼굴도 아닌데 하라가 넘 아까운디 ..
먼가 내용 점점 산으로 가는듯 처음의 신선함은 없어지고 질질 끄는 듯한 기분 보는 만지작어용,먼가 내용 점점 산으로 가는듯 처음의 신선함은 없어지고 질질 끄는 듯한 기분 보는 내내 폰 만지작 거렸어용
##기만 하구만. 이러다 헤어지면 헤어지는거지뭐.할때 맘껏 즐기는거 보기 좋은데. 내숭보단 훨씬 낫다. 화이팅!,멋있기만 하구만.이러다 헤어지면 헤어지는거지뭐.연예할때 맘껏 즐기는거 보기 좋은데.내숭보단 훨씬 낫다.화이팅!!
! 얼굴은 안 빠지게 잘 해주세요 ~ ~,멋져요! 얼굴살은 안 빠지게 관리 잘 해주세요~~
명랑만화 같은 엄청 봤구요.... 오늘 2회 시청율은 더 오를것 같다.방사수 ~,명랑만화 같은 엄청 재밌게 봤구요....오늘 2회 시청율은 더 오를것 같다. 본방사수 할게요~
명수,명수형님 존경합니다
명품옷이라도 저렇게 전체적으로 로고가 다 디자인 옷은 너무 촌 않나요? 저런옷은 입기 챙피할거 같은데,명품옷이라도 저렇게 전체적으로 로고가 다 디자인 된 옷은 너무 촌스럽지 않나요? 저런옷은 왠지 입기 챙피할거 같은데
##수음같은데 결혼해도 티안내고 그럼 모름. 내가 겪어봄,모를수잇음 카톡같은데 결혼해도 티안내고 그럼 모름.내가 겪어봄
모야 크쉬 개져.... 노래들으면서야지,모야 크러쉬 개멋져....노래들으면서 자야지
모자 ^ ^ 감자야 까 엄마 잘 돌봐드려,모자 이뻐요^^감자야 까꿍 엄마 잘 돌봐드려
##성 탑인듯.. 대박 따라올자가 없다,목소리는 음악성 탑인듯 ..대박 따라올자가 없다
목숨걸고 나라구하고 사람구해야 겠어.에라도 이런 여친게.,목숨걸고 나라구하고 사람구해야 겠어. 다음 생에라도 이런 여친얻게.
몬일이 일어났음 좋겠다라는 식으로 이상하네 요하네것들 뭐냐..?,몬일이 일어났음 좋겠다라는 식으로 이상하네 요상하네 라고 댓글다는것들 뭐냐..?
##랏요읍서서 ^ ^,몰랏쪄요 관심읍서서^^
몰몬교 선교사 출신이 필로폰 게지가디....,몰몬교 선교사 출신이 필로폰 했다는 게 믿기지가 않는디....
##해도됨?,몸무게 막공개해도됨?
몸이 안준거였네. 심했겠다. 그냥 솔직하게 얘기하지...,몸이 안 따라준거였네. 마음고생 심했겠다. 그냥 솔직하게 얘기하지...
##도 인정하지ᆢ정말 종일난다깝다ㅜ,무서워도 인정하지ᆢ정말 종일 생각이난다안타깝다ㅜ
##가 있었겠지...,무슨 오해가 있었겠지...
##인건지 이해 못하는건지...,무슨 컨셉인건지 나만 이해 못하는건지...
##라... 좀 하세요!! 악플러들.,무죄라잖아 ... 그만 좀 하세요!! 악플러들.
##라이에 부탁 드려요문 채원 누님..,무지개라이브에 출연 부탁 드려요문 채원 누님 ..
##한 저 너머로 떠나...,무한한 공간 저 너머로 떠나셨네요 ...
문식이는 엄마를 뺏기는게 두려운거아닐까요.. 버려질까봐 무서운거구요.. 사랑이 고픈 어린아이같아요.. 친아들이었다면 저러지않았겠지요.. 친부모도 자 버렸는데 새 날 언제 내칠까하는이 컷을듯해요..,문식이는 엄마를 뺏기는게 두려운거아닐까요..버려질까봐 무서운거구요..사랑이 고픈 어린아이같아요..친아들이었다면 저러지않았겠지요..친부모도 자길 버렸는데 새엄마가 날 언제 내칠까하는 두려움이 컷을듯해요..
문재인 탄핵 젊은이 더,문재인 탄핵 주장하는 젊은이가 더 많다
##된 멤버와 소속사에진게임이 시작됐으니남은4명멤버 아이들은에서 들먹이지맙시다. 제발 ~,문제가된 멤버와 소속사에진실게임이 시작됐으니남은4명멤버 아이들은 게시판에서 들먹이지맙시다.제발~
뭐 웬디가 다쳤다고? 이런 또 병문 가야,뭐 웬디가 다쳤다고? 이런 또 내가 병문안을 가야겠군
뭐라고해도 보니허니ㅎㅎ진심 잘려요 ~ ~ 남자는 직진이다 ~ ~ 한번 사는 본승아 가즈아 ~ ~ ~,뭐라고해도 보니허니 응원합니다ㅎㅎ진심 잘어울려요~~남자는 직진이다~~한번 사는인생 본승아 가즈아~~~
##리ㅣ 이커 별,뭐리ㅣ 이커플 별루
##유. 소유진은 어째 고딩같아유. 갈수록네유.,뭐유.소유진은 어째 고딩같아유.갈수록 상큼해지네유.
뭔 김남길 김아중하고귐,뭔;; 김남길 김아중하고 사귐
뭔가커인 미나씨 닮은듯.. 미니 미나,뭔가 필립커플인 미나씨 닮은듯..미니미 미나
##입니스타..,뭘입어도 패셔니스타..
##가지를 이겼다고? 없네.,뮤지가 솔지를 이겼다고? 믿을수 없네.
미나가결혼한지2년만됫음?되지앗음?,미나가결혼한지2년만됫음? 더오래되지않앗음?
##는 깔,미모는 깔 수 없다
##요 식은 붕어해서...,미안해요 식은 붕어빵 먹게해서...
미애가해,미애가 이쁘긴해
미친 케이이라고 했잖아,미친 다들 케이윌이라고 했잖아 ㄷㄷㄷ
"미친... 걍 다럽... 연습생, 가수들이무슨... 아이즈원 엑스원...","미친...걍 다 안쓰럽...연습생, 가수들이무슨잘못...아이즈원 엑스원 힘내..."
미코 되고나서 몇년뒤 백화점서 본 적 있는데 키가 163인 나만했던걸로 기억. 내키가 미코 진 될만한 키는 아닌데...뻤음.,미코 되고나서 몇년뒤 백화점서 본 적 있는데 키가 163인 나만했던걸로 기억. 내키가 미코 진 될만한 키는 아닌데...이쁘긴 이뻤음.
민머리하니까 더겨보여,민머리하니까 더 잘생겨보여요
##상아 처남내고 와라,민상아 처남 잘보내고 와라
민이가 먹방하면민이스러워,민이가 먹방하면 좋겠어요민이 너무 사랑스러워
믿고보는 송혜교이상 눈호강함 어제는 인물 소개고 오늘부터 본격 스토리겠지 오늘도,믿고보는 송혜교 케미 기대이상 눈호강함 어제는 인물 소개고 오늘부터 본격 스토리겠지 오늘도 기대
믿고 혜리,믿고보는 혜리♥♥♥
바다현씨는 미친로었다!!!,바다 최소현씨는 미친 싱크로율이었다!!!
##게도 아니데 어느순간 팩트마냥ㅉㅉ,바람 핀게 팩트도 아니데 어느순간 팩트마냥ㅉㅉ
##녀는 아닐듯 표예진 짝사랑정도 겠지만회쯤 되서 다고 정선과 잘살기위해서 그랬다는둥 나올것 같음,바람녀는 아닐듯 표예진 짝사랑정도 겠지만 마지막회쯤 되서 다 밝혀지고 정선과 잘살기위해서 그랬다는둥 나올것 같음
바로 돌,바로 채널 돌림
박나래,박나래 까지마 ㅡㅡ
박나래 유재석 강호동과 3대 엠씨에 연예대상 성훈하고 썸♡ 밥블레스유 메인 꿰차고 완전,박나래 유재석 강호동과 3대 엠씨에 연예대상 성훈하고 썸♡ 밥블레스유 메인 꿰차고 완전 올해 대박이네요
박나래 전현무잖아 내 그렇게 보였음.. 나혼자 할때.. 모르겠다,박나래 전현무 좋아했잖아 내눈에는 그렇게 보였음..나혼자 할때..지금은 모르겠다
박나래는 이거 때문에 짠내거,박나래는 이거 때문에 짠내투어 나간거?
박민영이 너무 예뻐서 본다. 연기도 잘하고고뭐하나ㅈ빠 없네 ㅋ어쩜 이리니?,박민영이 너무 예뻐서 본다.연기도 잘하고 예쁘고뭐하나ㅈ빠지는게 없네 ㅋ어쩜 이리 예쁘니?
박민정씨 잘 ~ ~ 속이하네요ㅋㅋㅋ 이제야 탈퇴ㅡㅡ,박민정씨 잘 하셨어요~~ 속이 시원하네요ㅋㅋㅋ 이제야 탈퇴ㅡㅡ
박보검 + 송중기는 정해인 아님?? 진짜,박보검 + 송중기는 정해인 아님?? 진짜 조각상이야ㅜㅜ
박보검은 사이비가 예수중심교회를 다녔던 기독교 신자 ^ _ ^,박보검은 사이비가 아닌 예수중심교회를 다녔던 평범한 기독교 신자입니다^_^
##검은 기독교신자,박보검은 평범한 기독교신자입니다
박지보,박지민 브라보
박지,박지선은 ㅜㅜ
박한별,박한별 너무 이뻐~
박한별 이,박한별 너무 이쁨❤️
박한별 수고 책임감있게... 잔잔한 슬픔도는데 연기력이 어쩌고..,박한별 수고 했어요 책임감있게...잔잔한 슬픔 표현도 잘했는데 연기력이 어쩌고..
박한별같다,박한별도 피해자같다 ㅠㅠ
##별은 죄없어요 그남편이 죄있지... 박한별한테라하셔요,박한별은 죄없어요 그남편이 죄있지...박한별한테 그만뭐라하셔요
"박한별,., ㅡㅡ ; ;","박한별이 무슨 죄냐,.,ㅡㅡ;;"
,박형식은 뭐냐
반성해야함 배우는 한명도 노네이트,반성해야함 배우는 한명도 노미네이트
발연기로 대박 드라마에 낀 인간도 있는데 괜찮아 이정도면 ~어요 아기 보느라고 드문드문만 작정하고 까는 사람들 신경쓰지말고 열심히 ^ ^ 참! 댓글볼 시간도 없겠구나 ㅎㅎ,발연기로 대박 드라마에 낀 인간도 있는데 괜찮아 이정도면~ 재밌게 봤어요 아기 보느라고 드문드문 봤지만 작정하고 까는 사람들 신경쓰지말고 열심히^^ 참! 댓글볼 시간도 없겠구나 ㅎㅎ
방금 유동근 아재 회장여자 한테 엄 놓을때 ㅎㄷㄷ간만에 정도전때 포스 나오더만 진작 이렇게 만들지 이상하게를 만들어 놓아서.,방금 유동근 아재 회장여자 한테 엄포 놓을때 포스 ㅎㄷㄷ간만에 정도전때 포스 나오더만 진작 이렇게 만들지 이상하게 캐릭터를 만들어 놓아서.
##들이니까 믿음이가는걸???,방송작가들이니까 더 믿음이가는걸???
방탄 박지인줄 알고네...,방탄 박지민 얘기인줄 알고 놀랐네. . .
배기성 이수경닮,배기성 부인 이수경닮음
배를 ~ 보니 ~ 딸이 ~ 하하소원성취 하시겠구만 ㅎ하세요 ~ 저는 둘도힘들던데ㅋ더 고생하세요 ~ ^ ^,배를~보니~딸이네요~하하소원성취 하시겠구만 ㅎ대단하세요~저는 둘도힘들던데ㅋ더운데 고생하세요~^^
배 딸?,배연정 딸인가요?
배우들 다좋은데오나라랑은 부부하기에는 나이가... 안맞지 않나?주연이라하긴 좀 무리인듯,배우들 다좋은데오나라랑은 부부하기에는 나이가...안맞지 않나?첫주연이라 축하하긴 하는데 좀 무리인듯
배윤경,배윤경 예쁘다
백수 단장,백승수 단장님 ㅠㅠ
버닝썬 성폭행범,버닝썬 성폭행범은 어찌됐나요
버훈이제 ~ ~ ~!,버즈는 민경훈이제~~~!
벌건 대 낮에는 손톱 쓰면서 나사박 옆집 양해구하러 가면서 밤시간에는 음악 크게 틀어놓고 고기 구워먹던데. 설정한거 아님?? ㅋㅋㅋㅋㅋㅋ,벌건 대 낮에는 손톱 쓰면서 나사박는다고 옆집 양해구하러 가면서 밤시간에는 음악 크게 틀어놓고 고기 구워먹던데. 설정 너무 과한거 아님??ㅋㅋㅋㅋㅋㅋ
법대로 처리해주세요 제발... 일벌백계를 보여주세요 형벌중에 태형걸로습니다,법대로 처리해주세요 제발. . . 일벌백계를 보여주세요 태국 형벌중에 태형있는걸로 알고있습니다
베드보이은했나??,베드보이 표절 논란은 해결했나??
베은 저런딸 낳아준 빅토리아베컴이랑더졌을듯 상상이 안갈듯 막내딸 없는세상이ㅡ 너무귀엽다..,베컴은 저런딸 낳아준 빅토리아베컴이랑 사이더 좋아졌을듯 상상이 안갈듯 막내딸 없는세상이ㅡ 너무귀엽다..
걸이네 ~,별 걸 다 트집이네~
시덥지않은들은,별 시덥지않은 악플들은 모냐
별개 불편하네 ㅅ,별개 다 불편하네 -ㅅ -
##갖고 다... 서다보니 됐을수도...,별걸갖고 다... 서다보니 밀려 저렇게 됐을수도...
,별로 인데 ~
보고커플 넘이요.주는좀많이넣어주세요 ~,보고커플 넘이뻐요.담주는 분량좀많이넣어주세요~
보는 사람을 홀려들게 하는한 단연 독보적이고 범접할 수 압도적인 것♡,보는 사람을 홀려들게 하는 화려한 미모 단연 독보적이고 범접할 수 없는 압도적인 것♡
보신 모든분들 추천 누르면 다가올 2020년 대박나고 가족 모두가 만수무강 입니다 그리고 다들 밤 되 좋은 꿀 것 입니다,보신 모든분들 추천 누르면 다가올 2020년 대박나고 가족 모두가 만수무강 입니다 그리고 다들 좋은 밤 되시고 좋은 꿈을 꿀 것 입니다
##길이나오니깐가퓨짐해요 ㅎㅎㅎㅎ,복길이나오니깐 뭔가 스튜디오가퓨짐해요 ㅎㅎㅎㅎ
##길이도 반할,복길이도 반할만 해요
##만하고 좋으면 그만이지 왜들 욕하는지 이해가 안감. 사랑에 몸매나 나이차이가 꼭 받아쓰기처럼하나?,본인들만 행복하고 좋으면 그만이지 왜들 욕하는지 이해가 안감. 사랑에 몸매나 나이차이가 꼭 받아쓰기처럼 들어가야하나?
볼때마다 느끼는데 어딜가나 한혜진 전현무이네ㅋㅋ,볼때마다 느끼는데 어딜가나 한혜진은 항상 전현무 옆이네ㅋㅋ
볼매녀유쾌나고요!!! ♡,볼매녀 넘유쾌 잼나고 이뻐요!!!♡
##선 영면하시길...,부디 그곳에선 편히 영면하시길...
부러워서 욕하는거예요ㅠㅠ 우시니 제가 속상하네요. 한님이다고 생각했는데 스스로 그렇게 생각하실줄은 ㅜㅜ!,부러워서 욕하는거예요ㅠㅠ 우시니 제가 속상하네요.전 한혜진님이 예쁘다고 생각했는데 스스로 그렇게 생각하실줄은 ㅜㅜ!
부럽다. 나도 소간지랑 저..... 시프ㅠ,부럽다. 나도 소간지랑 저 집에서 살고.....시프네요ㅠ
부모가 능력이 있어서 그러는데 ~ 자식에게 이정도는 해줘도 되지?? 사기를 친것도 저정도 능력되면 이정도는 얼마든지 해줄듯,부모가 능력이 있어서 그러는데~자식에게 이정도는 해줘도 되지 않나요??사기를 친것도 아니고나도 저정도 능력되면 이정도는 얼마든지 해줄듯
부모가 백번 잘못 꼭 수척해지고 살 빠져야 하나? 커피 마신게 무슨 죽을 아니고 이렇게까지 몰아가야 합니까?,부모가 백번 잘못했지만 그렇다고 꼭 수척해지고 살 빠져야 하나? 커피 마신게 무슨 죽을 죄도 아니고 이렇게까지 몰아가야 합니까?
부모가걸 왜 아들이는지 모르겠네,부모가 잘못한걸 왜 아들이 변제해야되는지 모르겠네
부모가 큰죄를 져서 이사람 또한 순탄하길 바라진 않는맘 이해 하지만 다들 해야지 숨도 쉬지말라.,부모가 큰죄를 져서 이사람 또한 순탄하길 바라진 않는맘 이해 하지만 다들 적당히 해야지 숨도 쉬지말라는건가..
부산 남 남전집 가봐라 달고 준다. [UNK],부산 남천동 남천전집 가봐라 달고기전 준다. 개종맛턍
부자 보,부자 보거 싶다ㅜㅜ
부장검사 꼬리자르기로 윗선잡기 해야함,부장검사 꼬리자르기로 끝났기때문에 윗선잡기 해야함.
분위기 넘사벽... 아이들도 또래 아이들마냥 순수하고 명랑해서 귀여웠음.. 그리고 이상윤은 이영애 진짜 팬인듯ㅋㅋㅋㅋㅋㅋㅋ눈에서이 흘러내리고은 광대천,분위기 넘사벽...아이들도 또래 아이들마냥 순수하고 명랑해서 귀여웠음..그리고 이상윤은 이영애 진짜 팬인듯ㅋㅋㅋㅋㅋㅋㅋ눈에서 꿀이 흘러내리고 웃음은 광대승천
##들 ㅜㅜ하겠네,불쌍한 스텝들 ㅜㅜ고생하겠네
##해 보여요.....,불편해 보여요....T.T
붐이ㅜ왜ㅜ먹는지모르겟어. 범법자도 열심열심히 사는거같아디,붐이ㅜ왜ㅜ욕먹는지모르겟어. 범법자도 아니고 열심열심히 사는거같아 멋진디
##셨나,뷔페값 내셨나
##안에 결혼하면 쏜다했음 지났으니 무효ㅋㅋ,뷔페는 2018년안에 결혼하면 쏜다했음 지났으니 무효ㅋㅋ
##도 잘하네요. 군대 안갔으면 헐리우드에서 더해졌을수도 있는데. 어려운 환경에서 태어나 항상 열심히 사는 모습이 항상 존경스럽습니다.,비 연기도 잘하네요. 군대 안갔으면 헐리우드에서 더 유명해졌을수도 있는데. 어려운 환경에서 태어나 항상 열심히 사는 모습이 항상 존경스럽습니다.
##지를 씌 채 라이터를 갖다 댄 거 아닌데..,비닐봉지를 씌운 채 라이터를 갖다 댄 거 아닌데..
비민468신분?,비민번호468 부르신분 맞죠?
비싸면 부르지 말던가요 ~ ~ 송가테 그러나!!,비싸면 부르지 말던가요~~왜 송가인한테 그러나요!!
비와이는 예수님,비와이는 예수님이 지켰다
##는 되어보임.. 생각보다 작았네,비율이 좋아서 185는 되어보임..생각보다 작았네
빅뱅 안했음좋겟다 그냥 니들 음악이 음악만 듣게해줘,빅뱅 해체 안했음좋겟다 난 그냥 니들 음악이좋아 음악만 듣게해줘
##이 낫나요?? 동방신기가나요??,빅뱅이 낫나요?? 동방신기가 낫나요??
빅뱅이 이렇게 무너질줄이야 첨부터 승리는 열였어,빅뱅이 이렇게 무너질줄이야 ㅜ 난 첨부터 승리는 열외였어
빈노 또 어떤 행보 보여줄지 기대되네 기대된다,빈지노 또 어떤 행보 보여줄지 진짜 기대되네 앨범 기대된다
##는구나 한지민,빛이나는구나 한지민❤
빽으로 올라간 맴버들 다....비.,빽으로 올라간 맴버들 다 공개하고....재정비 바랍니다.
뽑힌 안됐다.. 주작에 탈락 연생들이 인기있고.. 앞으로 우째됄지,뽑힌 애들도 안됐다..주작논란에 탈락 연생들이 더 인기있고.. 앞으로 우째됄지
뿌염도 컨셉이것져 거슬리던데 연기잘해용공효진씨와도베프맴버로알고있는데 촬영장분위기겠어,뿌염도 컨셉이것져 거슬리던데 암튼 연기잘해용공효진씨와도베프맴버로알고있는데 촬영장분위기좋겠어여
##져 삐면 됩니다,삐져주세요 삐지시면 됩니다
##고나서 재미없,사귀고나서부터 재미없다
사귀는거아니라았었나튼,사귀는거아니라하지않았었나여튼 축하해요
사귀다 헤어지면 어때서 결혼하고헤어지는것 출연하시지 ^ ^ ~,사귀다 헤어지면 어때서 결혼하고헤어지는것보다났지그냥 출연하시지^^~
사람 먹는 생각나네,사람고기 먹는 거 생각나네
사람들 관심에서 점점 멀어졌었는데 이렇게 꺼져를 살리 ㅋㅋㅋㅋㅋ,사람들 관심에서 점점 멀어졌었는데 이렇게 꺼져가는 불씨를 살리네요 ㅋㅋㅋㅋㅋ
사실 개그맨이라서 그런거지이고 글래이심 여성이심,사실 개그맨이라서 그런거지 미인이고 글래머이심 멋진 여성이심
,사실만 쓰세요
##어도 자식은 잘못없지 대한민국은제잖아,사실이어도 자식은 잘못없지 대한민국은 연좌제없잖아
##리 한국사람과하네 ~,사유리 한국사람과 결혼하네 축하합니다~
,사정이 있겠지.
사진보고 깜놀 ~! 와이프인줄,사진보고 깜놀~! 우리 와이프인줄 알았음
너무 못,사진을 너무 못찍는다
사쿠라가기만 한게하기까지하네... 같이 있음 본인이 더 독보인다 이거지 ㄷㄷ,사쿠라가 예쁘기만 한게 아니고 똑똑하기까지하네... 같이 있음 본인이 더 독보인다 이거지 ㄷㄷ
산이 뭐야 저 동영상 동의 유포하면,산이 뭐야 저 동영상 피해자 동의 없이 유포하면 안되는데
##이가 또해냈다 이쯤되면뮤지 인정,산이가 또해냈다 이쯤되면 깨어있는뮤지션 인정
살빼 김태희보다 더이,살빼기전 김태희보다 더이뻣음
살빼 왜케 느끼,살빼니까 왜케 느끼하지ㅋㅋ
살서가 죽은거.....,살빼서 캐릭터가 죽은거 같은데 .....
살짝 피오랑 닮으신,살짝 피오님이랑 닮으신듯
"삼가 고인의 명복을듣는 levels, divine sorrow, wake me up, waiting for love, addicted to you, hey brother할게요","삼가 고인의 명복을 빕니다 즐겨듣는 levels , divine sorrow ,wake me up, waiting for love, addicted to you , hey brother 기억할게요"
,삼가 고인의 명복을빕니다
,삼가 명복을 빕니다
,삼가고인의 명복을 빕니다
##시새끼 다시 요요옵니다 식이조절 잘하시길 ㅡ다이어트 요요자가ㅡ,삼시새끼 다시먹으면 요요옵니다 식이조절 잘하시길 ㅡ다이어트 요요 경험자가ㅡ
##시세끼,삼시세끼 고고
##하고..,삼촌하고 조카인데..
##암이랑 머가달라. 주말극은 꼭 이래ㅠㅜ,상상암이랑 머가달라요.. 주말극은 꼭 이래ㅠㅜ
새 회춘 재미없든데.. 욕하고 때리고.. 2만 끝,새 웹툰 회춘 재미없든데.. 욕하고 때리고.. 2화만 보고 끝
생가 있지만 졸에는가 없는 법이라더니...,생에는 순서가 있지만 졸에는 순서가 없는 법이라더니...
##은효신이 원조임,샤넬백은 박효신이 원조임
샵사건을 아는 사람을다.. 이지는이란것을...,샵사건을 아는 사람을 알게다.. 이지혜는 보살이란것을...
서로 마주보고만 있어도 좋겠다 ~연이 ~ 눈앞에 이상 있으니,서로 마주보고만 있어도 좋겠다~ 눈앞에 김소연이~눈앞에 이상우가 있으니
##하면서도주는사이가 최고인데진자 조금만걸로 목숨걸고 삐지면 제일힘들다,서로 쿨하면서도 아껴주는사이가 최고인데진자 조금만걸로 목숨걸고 삐지면 제일힘들다
##리가 아깝다,서유리가 아깝다
서인구 싫은데 뭔가 자꾸나 ㅜ ㅜ 군더더기 진도 빠르고 억지도 연출자들 박수 ~,서인구 싫은데 뭔가 자꾸 잼나 ㅜ ㅜ 군더더기 없고 진도 빠르고 억지도 없고 연출자들 박수 ~
##훈도었을듯..시길 현명한 남자인거 같음,서장훈도 힘들었을듯.. 힘내시길 현명한 남자인거 같음
,서태지 천재
서현숙이 너무거 아니가... 요즘 3대치어중 한명인데 열라니..,서현숙이 너무 아까운거 아니가... 요즘 3대치어중 한명인데 열애설이라니..
선미가 원더걸스 원멤버인줄 새인줄알았다,선미가 원더걸스 원멤버인줄 몰랐네 새멤버인줄알았다
선생님.. 갑자기 돌아가시다니... 빕니다,선생님..갑자기 돌아가시다니...삼가 고인의 명복을 빕니다
"선수가 부족할수 있겠지만 처음지가 맞는지 모르겠슴 멤버들이하는 보여주려 하는거 아닌가? 차라리 김성주, 정형돈은 열외하고 뽑는게 낫지않을까","선수가 부족할수 있겠지만 처음취지가 맞는지 모르겠슴 멤버들이 발전하는 모습을 보여주려 하는거 아닌가? 차라리 김성주, 정형돈은 열외하고 뽑는게 낫지않을까"
선예 리즈시절에 가창력만큼은 수준급이었죠? 태연 비만 하죠?,선예 그래도 리즈시절에 가창력만큼은 수준급이었죠? 태연에 비빌만 하죠?
선우가 성 혜가인데 계속 우혜우혜...,선우가 성이고 혜가 이름인데 계속 우혜우혜... ㅜㅜ
설리최고 하고싶은데로해 그런모습좋아 당당함 더지라,설리최고 하고싶은데로해 그런모습좋아 당당함 앞으로도 더이쁘지라
설현이로는 트와이스 애들 다살함,설현이 개인인지도로는 트와이스 애들 다 압살함
성매매 해야한다,성매매는 합법화 해야한다
성현아 얼굴 되게졌다.. 오히려 20 ~ 30대 얼굴보다 갸하고 맞아진 느낌,성현아 얼굴 되게 이뻐졌다..오히려 20~30대 얼굴보다 갸름하고 균형 맞아진 느낌
성형 안하고 저거 ~,성형 안하고 저 정도면 이쁜거 맞지~
성씨가 아깝,성훈씨가 아깝네요!
##도 없는 커플,세상에 둘도 없는 예쁜 커플
세상에서이게 생겼 한가인도 이제 나이가든게 눈에 보이네... 안타까워요 ㅠ,세상에서 젤이쁘게 생겼었던 한가인도 이제 나이가든게 눈에 보이네...안타까워요 ㅠ
세엉이는 다 존들인듯!! 이세 박세영다,세엉이는 다 존예들인듯!! 이세영 박세영 좋으다
세월호주세요,세월호 아이들도 생각해주세요
세자빈우...,세자빈 너무 아름다우세요...
세젤예 넘나고있구 ~ 이상우씨 소연 씨나오는드라마는 재미를떠나서 무 ~,세젤예 넘나 잘보고있구~ 이상우씨 소연 씨나오는드라마는 재미를떠나서 무조 봄~
세프가 촬영에 응해서 했겠지만 스튜디오에서 행해지는 언어들은 세프가 동의했을까요? 어느정도 적정선을 지켜주셔야하지 않을까요. 예능 정말 한가지 갖고 물고뜯고 늘어지는거인인 세프사장 언어폭력과 마찬가지 아닐까요,세프가 촬영에 응해서 했겠지만 스튜디오에서 행해지는 언어들은 세프가 동의했을까요?어느정도 적정선을 지켜주셔야하지 않을까요.. 예능 정말 한가지 갖고 물고뜯고 늘어지는거일반인인 세프사장에게 언어폭력과 마찬가지 아닐까요
##에 자석붙어줄,센터에 자석붙어있는줄
셔누잖아요,셔누는 피해자잖아요.
소녀시대인가? 거기있을때보다 지금이 더 존재감있고 좋아보임!영!,소녀시대인가? 거기있을때보다 지금이 더 존재감있고 좋아보임! 배우 최수영 화이팅!
소민이가 아까벼.할때 상대배우도 잘듯.,소민이가 아까벼.연기할때 상대배우도 잘 만나야할듯.
##율이한테걸 보고 배웠구나ㅎ,소율이한테 많은걸 보고 배웠구나ㅎ
소이현넘 ^ ^ 인진씨도 같이 했으면 좋았을텐데 ~ ~ ~ ~,소이현님넘 좋아요^^ 인교진씨도 같이 했으면 좋았을텐데~~~~
소행을 택한함을 ~,소확행을 택한 현명함을 응원합니다~
손담비혼에 고정으로 가자 ~ ~침 ~,손담비 나혼에 고정으로 가자~~매력 넘침~
손연은 소향과 동급이라고.,손승연 실력은 소향과 동급이라고 봅니다.
손승연 없을듯,손승연 이길사람 없을듯
솔까 노래는진짜았다 정준영도그렇고 얘네도그렇고 하지말라는짓만했으면. 아티스트로서는 안타깝다,솔까 노래는진짜좋았다 정준영도그렇고 얘네도그렇고 하지말라는짓만안했으면 . .아티스트로서는 안타깝다
솔까 시스타는 다솜밖에 안보... 어느순간 소유 얼굴이 점점짐..,솔까 시스타 초반에는 다솜밖에 안보였는데...어느순간 소유 얼굴이 점점 예뻐짐..
솔까말 1위 2위 이해안3위 4 더,솔까말 1위 2위 이해안됨3위 4위가 더 잘했다
솔국 다모인건,솔약국 다모인건 정말 대박이다
솔직히 남자들 사이에서 저런거 올리면. 욕하기도 그렇고 좀.게같다. 로이킴은 위에놈들과 같진 않을거같은데. 슈퍼스타k 우승상금 5억 바로 전액 기부하고 좋은놈 같던데. 봐야알겠지만 참. 사람들도 여럿 나올듯,솔직히 남자들 사이에서 저런거 올리면. 욕하기도 그렇고 좀. 가만있게 될거같다. 로이킴은 위에놈들과 같진 않을거같은데. 슈퍼스타k 우승상금 5억 바로 전액 기부하고 좋은놈 같던데. 봐야알겠지만 참. 억울한 사람들도 여럿 나올듯
"솔직히 노홍철, 김광규,여관 보컬 ( 이름이 생각 안남 )가 훨났지","솔직히 노홍철, 김광규, 장미여관 보컬(이름이 생각 안남) 나올때가 훨 잼났지"
"솔직히 누군지 몰랐고 오늘 ( 미국시간 ) 처음 알았는데 몹시했었음. 내가 신이 주신 목소리라고 생각한 인물에 조수미가 유일했는데 이사람도 내맘속의 “ 신이 주신 목소리 ”. 목소리 관리 잘하시고 그소리하시길,,,,","솔직히 누군지 몰랐고 오늘 (미국시간)처음 알았는데 몹시 궁금했었음.내가 신이 주신 목소리라고 생각한 인물에 조수미가 유일했는데 이사람도 내맘속의 “ 신이 주신 목소리”.목소리 관리 잘하시고 그목소리 영원하시길,,,,"
솔직히 다른걸로는 수 있어도 외모 못 ㅋㅋㅋㅋ,솔직히 다른걸로는 깔 수 있어도 외모로는 못 깜 ㅋㅋㅋㅋ
솔직히은 풍상...,솔직히 대상은 풍상씨였는데...
솔직히 맞는 말. 기부는 유행 아니고 성유리정도면 꾸준히 기부하는 단체 있을거임. 지목당하면 인스타그램에 왜 안하세요? 사람은임? 의무아니잖아ㅋㅋ 신경꺼ㅋㅋ,솔직히 맞는 말. 기부는 유행 아니고 성유리정도면 꾸준히 기부하는 단체 있을거임. 지목당하면 인스타그램에 왜 안하세요? 하는 사람은 왜 그러는거임? 의무아니잖아ㅋㅋ 신경꺼ㅋㅋ
##지부르는거 하현우 기록깰듯ㄷㄷㄷ ; ;,솔직히 솔지부르는거보면 하현우 기록깰듯ㄷㄷㄷ;;
솔직히 시집갔잖아럽긴,솔직히 시집잘갔잖아부럽긴하지
솔직히 씨잼이하니까어보이네웩,솔직히 씨잼이하니까 멋있어보이네 스웩있고
여자긴. 마인드가.,솔직히 여자 멋지긴하다.마인드가.
솔직히 오달수는 영화로 죄값 다 갚았해줍시다.,솔직히 오달수는 영화로 죄값 다 갚았자나요 용서해줍시다..
솔직히한 천만보다다 ㅋㅋ,솔직히 웬만한 천만영화보다 재밌다 ㅋㅋ
솔직히 지금 외압에 의해서 중국에서 별로없는것처럼 보이는거지 실제로는 중국 밥누나 밖에 안한다 정해인 제대로 일 냈다!! 정해인 한류의 별로 떠오르는 중이다 대한민국 남자 No. 1 정해인 사랑해요 정해인!!,솔직히 지금 외압에 의해서 중국에서 별로 호응없는것처럼 보이는거지 실제로는 중국사람들 밥누나이야기 밖에 안한다 정해인 제대로 일 냈다!! 정해인 한류의 별로 떠오르는 중이다 대한민국 남자 No.1 정해인 사랑해요 정해인!!
솔직히 클라라 비주얼급이,솔직히 클라라 비주얼 대한민국 최상위급이지
송가인 불러도비싸다 대한민국에 송가인 인기있는 사람 나와보라고 하세요,송가인 1억 불러도 안비싸다 대한민국에 송가인만큼 인기있는 사람 나와보라고 하세요
송가씨 출연시켜놓고멘트 하나없고 mbc했다 ~ ~,송가인씨 출연시켜놓고 소개멘트 하나없고 mbc 너무했다~~
송이 씬가여? ㅎㅎ드려요,송이? 씬가여?ㅎㅎ너무축하드려요
##했어?!?!?!?!?!,송중기 결혼했어?!?!?!?!?!
,송중기 아깝다ㅠ
송중기 얼굴이 헬,송중기 얼굴이 헬쓱해졌어
송중기는 아직 좋아하는데 송혜교는건가? 같이샷이라도 찍어서 올려서 해명해라,송중기는 아직 좋아하는데 송혜교는 맘이 떠난건가? 같이 인증샷이라도 찍어서 올려서 해명해라
송지효도데 홍진영은 넘사벽이지 잘서 ㅋㅋ,송지효도 어울리는데 홍진영은 넘사벽이지 워낙 잘 어울려서 ㅋㅋ
##창 이유리 너무좋,송창의 이유리 너무좋음
##창 이유리나오면해죽음 ㅠㅠ,송창의 이유리나오면 짠해죽음 ㅠㅠ
송혜교할듯,송혜교 기분이 묘할듯
송혜교검마라,송혜교 보검이는 건들지마라
송혜교가 뭔가 유책사유가 있는건 확실한거같은데 적어도 배우 여자를했으면.......,송혜교가 뭔가 유책사유가 있는건 확실한거같은데 적어도 배우인 여자를 배려했으면...좋겠다....
송혜교씨. 왜 남의 인생에들을 하십니까. 자세한 내막도 모르면서.. 댁들이나 잘들 하셔야 할듯. 죄받아요.,송혜교씨 화이팅. 왜 남의 인생에 욕들을 하십니까. 자세한 내막도 모르면서..댁들이나 잘들 하셔야 할듯. 욕하면 죄받아요.
쇼재 더음,쇼미재방이 더 재밌음
수술당일 사과와 보상 약속 했다는데... 의사 아니구요.. 병원에서로 나온게 아니라 사과 + 보상 약속했다면 공개적으로 망신주는거 괜찮은..,수술당일 사과와 보상 약속 했다는데... 의사편 아니구요.. 병원에서 막무가내로 나온게 아니라 사과+보상 약속했다면 공개적으로 망신주는거 괜찮은건가요..
##도 진짜있고.. 키크고 이쁘고 여자친구로서 최고일듯,수영 성격도 진짜 매력있고.. 키크고 이쁘고 여자친구로서 최고일듯
수원 살았을 때 고등학교 1년 선배였습니다. 그때나 성격 좋고 잘 웃는 노래 넘사벽 후배였죠. 뭐 하나 게 없는 장윤정 앞으로 걸어라 ~ ~!!,수원 살았을 때 고등학교 1년 선배였습니다. 그때나 지금이나 성격 좋고 잘 웃는 노래 넘사벽 후배였죠. 뭐 하나 뺄 게 없는 장윤정 앞으로 꽃길만 걸어라~~!!
,수지 너무 이뻐
수지씨 그만혀요 ㅜ 수지씨 남자는 많아요 한 여자만주는 남자 있어요 조은 남자 만나세요,수지씨 그만 괴롭혀요 ㅜ 수지씨 남자는 많아요 한 여자만 사랑하고 아껴주는 남자 있어요 조은 남자 만나세요
숙행커플 ㅎㅎ,숙행커플은 좀 별로 ㅎㅎ
##박하고 촌스러운 강하늘때문에 공효진이 덕보고 있는거지 상대 남배우 복 여배우,순박하고 촌스러운 강하늘 역할때문에 공효진이 덕보고 있는거지 상대 남배우 복 많은 여배우
##걸 못하는 스타일이라 손해를 보는거 같아요. 예쁜데 잘 안풀리는거 같아서 짠한 배우해요 ~,숨기는걸 못하는 스타일이라 손해를 보는거 같아요. 예쁜데 잘 안풀리는거 같아서 늘 짠한 배우 응원해요~
슈는요? 이싸?,슈는요? 강원도에 이싸요?
자체가 보정인데 뭔얘기야. 고소영은 이 ^ ^ ^ ^ ^ ^,스노우 자체가 보정인데 뭔얘기야. 물론 고소영은 이쁨 ^^^^^^
##스는 잼 ㅋㅋㅋ,스윙스 나올때는 잼던데 ㅋㅋㅋ
##캐 같은 긴장감 몰입도 ㅋㅋ,스카이캐슬과 같은 긴장감 몰입도 ㅋㅋ
스토브리그민됨 ㅋㅋㅋㅋ 남자다. ㅋㅋㅋ,스토브리그보고 남궁민팬됨 ㅋㅋㅋㅋ 남자다. ㅋㅋㅋ
##로 인한식장애...됨.,스트레스로 인한 섭식장애... 걱정됨.
##연으로 인해 더 악화된,슬픈연극으로 인해 더 악화된듯
승리 은퇴했으니깐 YG 욕하지마세요 YG핑크 빌보드 진출 시키고민호식당 다시 시작하면 예능대세되자,승리 은퇴했으니깐 YG 욕하지마세요 YG 블랙핑크 빌보드 진출 시키고 송민호 강식당 다시 시작하면 예능대세되자
승리는 일단 마약 ㄹㅇ,승리는 일단 마약을 안했자나 ㄹㅇ
승리도 승리 나이트클럽 거의 다 그러지,승리도 승리지만 근데 나이트클럽 거의 다 그러지 않나
승리랑 1도데랬네. ㅡ ^ ^ ^,승리랑 1도 상관없는데 놀랬네 ㅡ.ㅡ^^^
,시기가 미묘하네요
##가 넘,시어머니가 넘 좋으시네
식상 이야기거리가 없나? 여기서도 다이어트 저기서도 다이어트 살이 빠지면 다이어트 이야기니 식상하지 다이어트도 그 사람에 맞는 체질이 있는것이다 그래서 살이 빠지는것이다 식상한 연예인 기사가으면 좋겠다,식상한 이야기거리가 없나? 여기서도 다이어트 저기서도 다이어트 살이 빠지면 다이어트 이야기니 식상하지 않다 다이어트도 그 사람에 맞는 체질이 있는것이다 그래서 살이 빠지는것이다 식상한 연예인 기사가 올라왔으면 좋겠다
##대아냐? 저기에 왜 누워.?,식수대아냐? 저기에 왜 누워...?
식스센스 겁나 멋있고 잘하더만 비주얼도 좋고 근데 왜위뿐이 안되냐 ㅡㅡ 적어도은 줘야지,식스센스 무대 겁나 멋있고 잘하더만 비주얼도 좋고 근데 왜 4위뿐이 안되냐 ㅡㅡ 적어도 2등은 줘야지
신다은 볼수록 심매,신다은 볼수록 심쿨매력
: 최시원이 진짜 국회의원 됐으면 좋겠다 ( 한 ),신동 : 최시원이 진짜 국회의원 됐으면 좋겠다 (실제로 한 말)
신랑 부모 참...,신랑 부모 입장에서는 참...
신랑은 모함?밥잘먹었는대끼.. 그래서 살이 안빠짐,신랑은 모함? 난밥잘먹었는대 4끼 .. 그래서 살이 안빠짐 ㅜㅜ
##씨이 양민아지요?,신민아씨 본명이 양민아지요?
신부분이가 넘쳐보여,신부분이 엄청 애교가 넘쳐보여요
##해서 좋았 ~!!!,신선해서 좋았음~!!!
신성록이인가요? ㅋㅋ,신성록이 주인공인가요?ㅋㅋ
신성일은 탈코리안 마인드지.... 이분은탄게 아니라 지대 잘못탄분...,신성일은 탈코리안 마인드지....이분은 시대를 잘못탄게 아니라 지대를 잘못탄분...
신수지 겁나이데 얼굴매ㄷㄷ,신수지 겁나이쁜데 얼굴몸매ㄷㄷ 부럽다
신인이 긴장한상태에서 실수를해도 끝까지 침착하게 부른걸해야하는거 아닌가? 왜이렇게어 안달인지,신인이 긴장한상태에서 실수를해도 끝까지 침착하게 부른걸 칭찬해야하는거 아닌가? 왜이렇게 사람 못잡아먹어 안달인지
신지언니식,신지언니식대로 하시길♥
신현케이훈,신현준 쿨케이 주영훈
신혜만 보인다 넘고 엠마 와 진짜그자체두연땜에 본다많이 나오구 진도 좀 나가자,신혜만 보인다 넘 예쁘고 엠마 와 진짜 신비그자체두주연땜에 본다많이 나오구 진도 좀 나가자
떳길래 신 나왔나 했네아오이우유는 또 누구야?,실검 떳길래 우유 신제품 나왔나 했네아오이우유는 또 누구야?
심장마비로 기사 써 달라. 생활고에 시달려 나쁜 선택한 게 분명한데..암 삼가 고인의 명복을 빕니다.,심장마비로 기사 써 달라 했겠지.생활고에 시달려 나쁜 선택한 게 분명한데..ㅜㅜ암튼 삼가 고인의 명복을 빕니다.
십년이도 남잔 의리!,십년이 흐른 지금에도 남잔 의리!!
싱글처럼젊던데 결혼하셨구나!! 더하시짘ㅋㅋㅋㅋ,싱글처럼젊던데 결혼하셨구나 축하해요 !!연기도 더하시짘ㅋㅋㅋㅋ
##디 조,쌈디 조타~
쌈마이 권상우 닮았다고 느낌ㅋㅋ훈남느낌있었음ㅎㅎ,쌈마이웨이때도 나혼자 권상우 닮았다고 느낌ㅋㅋ훈남느낌있었음ㅎㅎ
##니라고게 별로네요.. 일본브랜드라서... 손 흥민님 괜히 최고가 된게 아니더군요 ~ 본받고싶어요!!,쏘니라고 불리는게 전 별로네요..일본브랜드라서...손 흥민님 괜히 최고가 된게 아니더군요~ 본받고싶어요!!
아새가 더앗어ㅠㅠ,아 난 열대새가 더 좋앗어ㅠㅠ
아 이진은 뉴욕댁인데 김민서도 미국댁이네 사세요 축하,아 이진은 뉴욕댁인데 김민서도 미국댁이네 행복하게 잘 사세요 축하드려요
아 정말.. 요즘애들 자기보호는 참 예민하다. 개그였던거 같은데.. 하선호야 그 당시 그럴수 있는거고.. 구걸 바라보는이깝다,아 정말.. 요즘애들 자기보호는 참 예민하다. 개그였던거 같은데.. 하선호야 그 당시 그럴수 있는거고 .. 구걸 바라보는 시선이 좀 안따깝다
아 좋다 둘이 너무 잘린다 실제로 좋을듯,아 좋다 둘이 너무 잘어울린다 실제로 사귀면 좋을듯
아 진짜 승리 말재까 ㅋㅋ매덩어리,아 진짜 승리 말재간 어쩌까 ㅋㅋ매력덩어리
아 진짜 죽겠네 ㅎㅎㅎ소라게 ㅋㅋㅋㅋ가 진짜쓰,아 진짜 웃겨 죽겠네 ㅎㅎㅎ소라게 ㅋㅋㅋㅋ센스가 진짜 대단쓰
...는 좋을에... 사람인 싫은데...,아... 노래는 좋을거같에... 사람인 싫은데...
아 ; ;게 보고잇 결방도 나는건 아니겠지??? 스태프 한명때매 이게 뭔난리노,아;; 재밋게 보고잇었는데 설마 결방도 나는건 아니겠지??? 스태프 한명때매 이게 뭔난리노
아 ~해삼인의명복을 빌어요,아~ 어떻해ㅜㅜ삼가고인의명복을 빌어요
아고 웃는 게 참 예쁘기도 하고 익살스럽네요 ~ 소이현씨 아버님과 복싱하던 방송보니 사랑 많이받고 자라서 밝고 건강하구나 싶었어요! ^ 0 ^ 그걸 아이도 이어받은 거겠죠? 많이스러워 쪼난 인교진ㅎㅎㅎ,아고 웃는 게 참 예쁘기도 하고 익살스럽네요~ 소이현씨 아버님과 복싱하던 방송보니 사랑 많이받고 자라서 밝고 건강하구나 싶었어요!^0^ 그걸 아이도 이어받은 거겠죠? 많이 사랑스러워요 쪼매난 인교진ㅎㅎㅎ
아고 잘생겼네 ~ 동생은오데있떠 ~ 아빠한테 슈ㆍ자고떼 ~ ㅎ,아고 잘생겼네~동생은오데있떠 ~아빠한테 슈ㆍ돌나가자고떼써~ㅎ
아구 ~ ~뽀라 ^ ^,아구~~ 이뽀라~^^
아내 얼굴에서 박형,아내 얼굴에서 박형식이 보이는디
아내분 너무 미인이시네요. 한번 해주세요. 너무 재미있게어요.,아내분 너무 미인이시네요. 동반출연 한번 해주세요. 너무 재미있게 봤어요.
아내이야기 하는건 아내도리아 출신이라는?,아내이야기 하는건 아내도 미스코리아 출신이라는 말인가?
아니 결혼해서 아이 낳은게 그렇게 일인가 진짜 ㅋㅋㅋㅋㅋㅋㅋ해주지는 못할 망정이나 남기네 보기 진짜 안좋다,아니 결혼해서 아이 낳은게 그렇게 욕먹을 일인가 진짜 ㅋㅋㅋㅋㅋㅋㅋ 축하해주지는 못할 망정 악플이나 남기네 보기 진짜 안좋다
아니 근데 사실 방송타고 하면 골목상권으로좁혀서 생각안해도되지않나..? 9000원으로먹는 그쪽 동네사람들이 전국지에서 몰려온 사람들이잖아,아니 근데 사실 방송타고 하면 골목상권으로좁혀서 생각안해도되지않나..? 9000원으로먹는건 그쪽 동네사람들이아니라 전국각지에서 몰려온 사람들이잖아
아니 출연진은 유재석인데 카메라 돌리면서 연예인 일상찍는게 대부분이고 그 일상속에 유재석이 항상 함께하는것도아니면서 유재석 왜 출연진에속하는거죠..? 참하네..,아니 근데 출연진은 유재석인데 카메라 돌리면서 연예인 일상찍는게 대부분이고 그 일상속에 유재석이 항상 함께하는것도아니면서 유재석은 왜 출연진에속하는거죠..? 참 희한하네..
아니 김도균도 장미한테 계속 여지고 오영주도 이규빈한테 여지 왜들 현우랑 현주한테만 뭐라하는지ㅋ,아니 김도균도 장미한테 계속 여지줬고 오영주도 이규빈한테 여지줬는데 왜들 현우랑 현주한테만 뭐라하는지ㅋㅋㅋ
아니 돈도 많을텐데 온라인에서 말고 직접 가서좀 하던지... 난 정말 경비만 있었음 가서대로 따라 다니며 싶던데....,아니 돈도 많을텐데 온라인에서 말고 직접 가서 응원좀 하던지...난 정말 경비만 있었음 가서 일정대로 따라 다니며 응원하고 싶던데....
아니 굴뚝에나,아니 땐 굴뚝에 연기나랴
아니 무슨 죽을 죄 지은것도 아니고 사람들 진짜 너무 하네요. 한사람 인생을 쥐락펴락하는게 앞으로는 돈관계 확실히 하며 사세요 ~ 이승윤씨도 매니저도할게요 전참시에서는 하차 쭉 하셨음 좋겠어요,아니 무슨 죽을 죄 지은것도 아니고 사람들 진짜 너무 하네요 .한사람 인생을 쥐락펴락하는게 무섭네요 앞으로는 돈관계 확실히 하며 사세요 ~ 이승윤씨도 매니저도 응원할게요 전참시에서는 하차없이 쭉 하셨음 좋겠어요
아니 브라 안한게 뭐 어때서????? 정말 안감 한국에서나 이런시선 이런일이 이슈가 되는듯. 왜일까.스런 인간의 신체인데 왜 한국은 유난?,아니 브라 안한게 뭐 어때서????? 정말 이해 안감 한국에서나 이런시선 이런일이 이슈가 되는듯. 왜일까. 자연스런 인간의 신체인데 왜 한국은 유난할까?
아니 코싱 했다고 아팠겠다고 형들한테주고 있잖아 ;,아니 코 피어싱 했다고 아팠겠다고 형들한테 얘기해주고 있잖아 ;;
아니ᆢᆢ지안이 황금빛내야ᆢᆢ,아니ᆢᆢ지안이 황금빛내인생은 언제부터야ᆢᆢ
해줘요 함정에 빠진거라고 해줘요ㅠㅠㅠㅠ이런 나쁜 할사람,아니라고 해줘요 함정에 빠진거라고 해줘요ㅠㅠㅠㅠ이런 나쁜일을 할사람 아니잖아요
아 진짜 이국주 계다생각했는데 프로그램이라니..,아대박 진짜줄알고 이국주 계탔다생각했는데 프로그램이라니..
장동건 닮고 딸은 고소 닮아라.... 보기,아들은 장동건 닮고 딸은 고소영 닮아라....보기 좋습니다
아들이 너무염성 똑부러지네 ~ ~ 개씨..,아들이 너무 귀염성 똑부러지네~~개리씨 응원합니다..
##다는 말이 어울리는 분,아름답다는 말이 어울리는 분
아무리 공인이기에 행동을 더 조심해야하는건 이해 무슨이유든 성형하는것 까지 대중의 허락을 받아야하는건가요? 휴 진심 피곤 구하라씨,아무리 공인이기에 행동을 더 조심해야하는건 이해하지만 무슨이유든 성형하는것 까지 대중의 허락을 받아야하는건가요? 휴 진심 피곤하겠네요 구하라씨 ㅜㅜ
아무리 나이가 어려도 남편을 존중해주세요 애기도 태어났는데 남편한데 너 정말 거북하네요,아무리 나이가 어려도 남편을 존중해주세요 애기도 태어났는데 남편한데 너 라고 하니 정말 듣기 거북하네요
아무리 방탄이 대단하다고 하지만 워너원도 없고 과연장이 꽉질까? ㅋㅋㅋㅋ,아무리 방탄이 대단하다고 하지만 내년엔 워너원도 없고 과연 시상식장이 꽉 채워질까?ㅋㅋㅋㅋ
아무리그래도 오나라 머리끄댕이잡고시은 넘,아무리그래도 오나라 머리끄댕이잡고 메이플시럽은 넘했다
아무리라해도 그눈빛보면 어느정도 느낄수있지 사귄다에한표 ~ 키스신도무지많던데 없던감정도생길듯 잘림요 ~,아무리연기라해도 그눈빛보면 어느정도 느낄수있지 사귄다에한표~~키스신도무지많던데 없던감정도생길듯 잘어울림요~
,아빠 닮았네
아빠가 거기서 ㅋㅋㅋㅋㅋㅋ......,아빠가 거기서 왜 나와 ㅋㅋㅋㅋㅋㅋㅋ......
##으면 남편복던데,아빠닮으면 남편복있다던데
##랑 닮았네. ㅋ,아빠랑 너무 닮았네요.ㅋ
아쉬움 같은 소리함묘.. 하차하고 tvN에서 하는 새프로 미쓰코리아로 갈아묘.. 한고은님 나오는.. 같은 tvN 없슴묘..,아쉬움 같은 소리함묘..하차하고 tvN에서 하는 새프로 미쓰코리아로 갈아 탐묘..한고은님 나오는 프로 .. 같은 tvN 문제는 없슴묘..
성인역으로 변신의 올바른,아역에서 성인역으로 변신의 올바른 예
,아유 이뻐라
아유 ~ ~ ~ ~라! ^ ^게게 커라 ~ ♥,아유~~~~예뻐라!^^ 밝게 맑게 커라~♥
아육대 풋 씹어드시던 분인데 이젠 아육대살목도 없어져서 노지훈씨를 못보네... ㅠㅠ,아육대 풋살 씹어드시던 분인데 이젠 아육대 풋살종목도 없어져서 노지훈씨를 못보네...ㅠㅠ
아이고!!! 같은 강동구 주민 ~ ~ ~ ~ 한번 먹으러겠어유,아이고!!! 같은 강동구 주민이네유~~~~한번 먹으러 가야겠어유
##들 연기하는것도 이제 더는 못봐주겠다. 이렇게 예쁜자들 많이 발굴해서 잘 키웠으면 좋겠음,아이돌들 연기하는것도 이제 더는 못봐주겠다.. 이렇게 예쁜연기자들 많이 발굴해서 잘 키웠으면 좋겠음
엄마 닮아서 다 ~ + _ +,아이들이 엄마 닮아서 다 귀여워요~ +_+
##샤가죽k토르도망가지고아직도여운이 강하게남는다,아이언맨 나타샤가죽다니k토르도망가지고아직도여운이 강하게남는다
아이언맨이랑 나타샤 죽 슬,아이언맨이랑 나타샤 죽습니다 너무 슬픕니다
아이오케이 장윤,아이오케이 장윤정 화이팅
아이유 6년째 소니 오디오모델 욕한줄 ㅋㅋ,아이유 6년째 소니 오디오모델하는데 욕한줄이없네 ㅋㅋ
,아이유 따라하지마
아이유는 가수들과는 다른 선상에서 봐야지 그냥 연기자 그것도 백수상 후보,아이유는 가수들과는 다른 선상에서 봐야지 그냥 연기자 그것도 백상최우수상 후보
##랑하세요,아이유랑 결혼하세요
아직 이정도가지고 체험하긴지 않나 더 높이 올라가봐야지 안변할지 알겠지,아직 이정도가지고 인기 체험하긴 이르지 않나 더 높이 올라가봐야 변할지 안변할지 알겠지
아직 잘 몰겠음 무슨정이있을 넘아파야 여자하나 잘못만나 그나이에 어째여,아직 잘 몰겠음 무슨 속사정이있을듯 넘 맘이아파야 여자하나 잘못만나 그나이에 어째여
아직모르는두고이란심하네양쪽말은안들어보고 이렇게 한사람또매장,아직모르는사실을두고 퇴출이란 너무심하네양쪽말은안들어보고 이렇게 한사람또매장
아진짜엥가라없으면 앉있는거지 말그대로 배려석이지 임산부있으면 비켜주면되는거구만,아진짜엥가이해라 사람없으면 앉을수있는거지 말그대로 배려석이지 임산부있으면 비켜주면되는거구만
아진짴ㅋㅋㅋㅋㅋ오만에날정도로었다ㅋㅋㅋㅌ,아진짴ㅋㅋㅋㅋㅋ오랜만에 눈물날정도로 웃었다ㅋㅋㅋㅌ
##지마 장디매!!!,아프지마 장디매ㅠㅠ!!!
악엔구,악 해피엔딩 가자구
,악플 캡쳐 완료
악플러들 댓글쳐!! 현아야 악플러 회사게시판에첨부해서올려줄께!!! 당당하게 무대에서빛나길바래❤,악플러들 댓글캡쳐 !!현아야 악플러고소할때 회사게시판에첨부해서올려줄께!!!당당하게 무대에서빛나길바래❤
##하세요 하느님 생생함,안녕하세요 하느님 드라마 아직도 생생함
안봐도 활동 중단 사람 아님 ㅎ,안봐도 갑자기 활동 중단한 사람 아님 ㅎ ?
안재현!! 딱보이드라.. 신혼일기 보면서.. 잘생각했어 이혼하고길길 ~,안재현 화이팅!! 딱보이드라..신혼일기 보면서..잘생각했어 이혼하고 꽃길 걷길~
안타깝지만 평소 생활이 독된거같네요치하시길바랍니다,안타깝지만 평소 생활습관이 독이된거같네요완치하시길바랍니다
##현모가 아깝다 나이가 36이다. 그리울것도 없다.,안현모가 아깝다 하는데 나이가 36이다. 그리 아까울것도 없다.
,알았다 고마해라
알츠하이머 환자는 가족이 돌보는데 한계가 있어요.요양병원에서 돌보시고 가족은 병문안가시는게 좋은데. 잘리라요. 그리고,알츠하이머 환자는 가족이 돌보는데 한계가 있어요. 전문요양병원에서 돌보시고 가족은 병문안가시는게 좋은데. 잘 하시리라 믿어요. 그리고
알달 아아커플 ^ ^,알콩달콩 예쁜 아아커플^^
##리 결혼 했었나요? ㅎㅎ드려요 ^ ^,앗 페트리 결혼 했었나요?ㅎㅎ 축하드려요^^
앞으로 이 아나는히 sns나할듯.,앞으로 이 아나는특별히 sns금지나 조심해야할듯.
애 아직어러서 많이데 때 밥 되지,애 아직어러서 많이 자는데잘 때 밥 먹으면 되지
애가이냐? 부모 믿은거. 전화로 물어봤다는데 아니라니까 그거 믿고 들이댄게잘못이지.,애가 뭔잘못이냐?부모 믿은거 뿐이지.전화로 물어봤다는데 아니라니까 그거 믿고 들이댄게잘못이지.
##하고 다닐건데 조금 앞서 공개 됐다고 뭐가 문제인가?,애가 크면 자랑하고 다닐건데 조금 앞서 공개 됐다고 뭐가 문제인가?
##살인 유모차를 태우는구나,애기 5살인데도 유모차를 태우는구나
애기 너무 안쓰럽고 불쌍하다.. ㅠㅠ.. 부디 부모없다고죽크렴.. ㅠㅠ,애기 너무 안쓰럽고 불쌍하다..ㅠㅠ..부디 부모없다고 기죽지말고 잘크렴..ㅠㅠ
##당 ^ ^ *,애기 넘 이쁘당^^*
애기가 뭐같이 이쁘기는 ㅋㅋ,애기가 뭐 다똑같이 이쁘기는 ㅋㅋ
애넨 3패하면 그대로 촬영종료다 일자리 한곳이 날아가게 당연히 절실하게,애넨 3패하면 그대로 촬영종료다 일자리 한곳이 날아가게생겼는데 당연히 절실하게 하겠지
애둘이 다둥맘인가요. 지금 다섯째 임신중인데요 둘을 다둥맘하니ㅋㅋ걍ㅋㅋ,애둘이 다둥맘인가요. 제가 지금 다섯째 임신중인데요 둘을 다둥맘이라하니ㅋㅋ걍 웃음이ㅋㅋ
애들 교육에 안좋을까봐 바로 채널 돌렸 ^ ^,애들 교육에 안좋을까봐 바로 채널 돌렸네요.. ^^
##할 사람과 성관계 ~ ~,애초에 결혼할 사람과 성관계 가져라~~
앨범홍보때문에린거자나게자,앨범홍보때문에 터트린거자나 이쁘게봐주자
,양배추 아닌가
,양준혁 화이팅
양지원이랑조정 옛날에 사귀었어어요하면서 거미만나기전석유명하기전에,양지원이랑조정석은 옛날에 사귀었어어요 뮤지컬하면서 거미만나기전 조정석유명하기전에
얘 아직 하나 ; 흑인생...,얘 아직 하나; 흑인 공대생 간호사 비하...
얘네 둘이 감정선 호흡이 끝나고 사귈수도..? ㅎㅎㅎ,얘네 둘이 감정선 호흡이 너무 좋다 드라마 끝나고 사귈수도..?ㅎㅎㅎ
"어느 사주가가 이 커플 결혼 2 ~ 3년 사이에 사이가 급격히 나빠져 이혼 위기가 올 수 있다고 한 봤는데, 역시 팔자 못 벗어나고,이라는게 있구나 싶었다","어느 사주가가 이 커플 결혼 2~3년 사이에 사이가 급격히 나빠져 이혼 위기가 올 수 있다고 한 글을 봤는데, 역시 사람 팔자 못 벗어나고, 궁합이라는게 있구나 싶었다"
어딜봐서 임현주가 여우? 남자도 못하나.,어딜봐서 임현주가 여우? 좋아하는 남자 앞에서 표현도 못하나.
##는 설현닮 ㅋㅋㅋ,어떤기사에는 설현닮았다고 ㅋㅋㅋ
##고지냐. 얼굴이,어떻게 저리고급지냐.얼굴이
하면 잘길 수가 있지?,어떻게 하면 저렇게 잘생길 수가 있지?
어릴때얼굴네 ~하길 바랍니다 ~ ^ ^,어릴때 예쁜얼굴 그대로네~흥하길 바랍니다~^^
어머니 진짜 고우시더라. 수수하게 해두 이쁘신데 꾸미시니 부잣집 어머니 같으심. 주름살 그 연에 거 아니고 피부도 완전백옥.. 외모만 보면 고생 1도 안하고 관리만 하셨을 것 같이 고우심.,어머니 진짜 고우시더라. 수수하게 해두 이쁘신데 꾸미시니 부잣집 어머니 같으심. 주름살두 그 연배에 많은 거 아니고 피부도 완전백옥.. 외모만 보면 고생 1도 안하고 관리만 하셨을 것 같이 고우심.
"어이, 「 」 를린건가 - -","어이, 난 「 너 」를 잊어버린건가--"
어제 넘웃겻어여 ㅋㅋ특히 도전골벨 ㅋㅋㅋ코테하라,어제 넘웃겻어여 ㅋㅋ특히 도전골든벨 ㅋㅋㅋ코요테 영원하라
##겼음! ㅋ,어제 완전 웃겼음!ㅋ
어제방송봤는데 정해인보다 더적으로 생겼,어제방송봤는데 정해인보다 더 호감적으로 생겼던데.
,어지간히 급했다
어째ᆢ갈수록 재미가 없어지네성훈ㆍ박나래만음,어째ᆢ갈수록 재미가 없어지네성훈ㆍ박나래 편만 잼났음
어쩐대 ~ ~ ~ 김 진아 조아것가뜨만,어쩐대~~~김 정훈 진짜 진아 조아하던것가뜨만
강성훈 젝키는 색깔을 잃는다... 젝키가 아닌 다른이 되야 할듯,어차피 강성훈 없으면 젝키는 색깔을 잃는다...젝키가 아닌 다른 팀이 되야 할듯
어케다랑 잘리냐,어케다들 만화랑 잘어울리냐
어휴.... 임하룡 선생님 땐이 이렇지 않았는데 임짱,어휴 ....임하룡 선생님 땐 예능이 이렇지 않았는데 그립습니다 임짱
언니염 소두두,언니 멋져염 소두다 소두
언제나오는?어용 두분,언제나오는고?보고싶어용 두분~
얼굴 몸매요 세젤예행하세요 ~ ~ ~,얼굴 몸매 모든게 아름다워요 세젤예행복하세요~~~
얼굴 사람이 저렇게까지 하는 분명.... 먼가 있을 것 같네 ~ ~,얼굴 알려진 사람이 저렇게까지 하는 이유가 분명 있겠지.... 먼가 있을 것 같네~~
얼굴도 착하게 생겼는데 사람이 아니죠. 뭔가 오해가 있는간같은데 정준영생겼고 절대 사람이 아니에요♡,얼굴도 착하게 생겼는데 그럴 사람이 아니죠. 뭔가 오해가 있는간같은데 정준영 잘생겼고 절대 그럴 사람이 아니에요♡
얼굴도.다. 심지어 이름도다♡,얼굴도.마음도 이쁘다.심지어 이름도 이쁘다♡
얼굴은해서 조연정도할듯,얼굴은 좀 평범해서 조연정도 유지할듯
진짜적이게 생겼,얼굴은 진짜 매력적이게 생겼지
얼마보는 배우다운 비주얼이냐? 둘 얼굴만봐도 존잼 송혜교 죽인다진 얼굴,얼마만에보는 배우다운 비주얼이냐? 둘 얼굴만봐도 존잼 송혜교 분위기 죽인다 고급진 얼굴
엄마 닮아서 길쭉하니♡,엄마 닮아서 길쭉하니 이쁘네요♡♡♡
엄마 돌아가시고 나서야 후회해봤자 아무런 소용없어요. 살아 계실때 잘해주세요. 미 고씨 당신을 낳아준 엄마입니다.,엄마 돌아가시고 나서야 후회해봤자 아무런 소용없어요.살아 계실때 잘해주세요.미우나 고우나 윤정씨 당신을 낳아준 엄마입니다.
엄마가 황인데 구찌 옷이 대수겠냐.다 ~,엄마가 황신혜인데 구찌 옷이 대수겠냐. 이쁘다~
엄마닮아서 ~!!,엄마닮아서 천만다행~!!
,엄마한테 잘해야 해요
##씨가 아깝당,에고 김진아씨가 아깝당
에구 썩어서 득이 없는 인간을 대하는 임블리.,에구 절대 말 썩어서 득이 없는 인간을 대하는 임블리 힘내세요.
에림이... 워낙 티비에서 애기때부터 봐와서 자그마하게가 하는데... 열심히 해봐라 ㅡ,에림이...워낙 티비에서 애기때부터 봐와서 자그마하게 정이가긴 하는데...열심히 해봐라 ㅡㅜ
에스더 자신감 무엇ㅋㅋㅋㅋㅋㅋ 나라면 얼어붙을 자리인데 자진해서 노래부르는 장면보고함ㅋㅋ 에스더가 문단열딸인지알았네 할리 아들도 수줍어하는데생겼넼,에스더 자신감 무엇ㅋㅋㅋㅋㅋㅋ 나라면 얼어붙을 자리인데 자진해서 노래부르는 장면보고 감탄함ㅋㅋ 에스더가 문단열딸인지 첨알았네 할리 아들도 수줍어하는데 잘생겼넼
에스더 따하고 큰 사람같네요,에스더 정말 마음이 따듯하고 큰 사람같네요
에이미..것..,에이미.. 넘 이상한것 같음..
에이프릴 이나은 해도 너무하더라♡,에이프릴 이나은 고정 해도될듯 너무잘하더라♡
에이 이나은 에이틴 김하나거봐,에이프릴 이나은 에이틴 김하나 예쁜거봐
"에휴 그냥 곱게 어디 덧나나께 뭐있다구,,,,","에휴 그냥 곱게 봐주면 어디 덧나나 욕할께 뭐있다구 ,,,,"
.. 결국 손주도 못보고 가시.. 빕니다,에휴..결국 손주도 못보고 가시는구나..명복을 빕니다
에휴셋ㅋ 돈많으니 뭐 ~ ~,에휴ㅠㅠ 아들셋이라ㅋ 돈많으니 뭐~~
##가돈으로 앨범내냐,엑소가 번돈으로 앨범내냐
##가 제자?? 겁나 부럽다...,엑소가 제자?? 겁나 부럽다...
엠랙도 참 불쌍하다 한창갈수 있는되이 공중분해되고 회사 없어지고,엠블랙도 참 불쌍하다 한창 잘나갈수 있는되 팀이 공중분해되고 회사 없어지고
##데?보인다ㅋㅋ 외모로는 이미 배우지,엥 이쁜데? 달라보인다ㅋㅋ 외모로는 이미 배우지
!!! 김용국 조선족인데 왜생겼나요?,여러분!!! 김용국 조선족인데 왜 이렇게 잘생겼나요?
여러분. 악플갑시다. 진짜로 부탁드립니다,여러분. 악플은 삼갑시다. 진짜로 부탁드립니다.
여상진샘술 ~ ^ ^,여상진샘 수리논술 천재~^^
##따로없다 진심,여신이따로없다 진심
여자 얼굴이햄,여자 얼굴이 궁금햄
여자 오윤아앗 내탈,여자 오윤아 닮앗던데 내스탈
여자다.. 저러니지,여자 이쁘다.. 저러니 사귀지 부럽다
##지,여자가 아깝지
여자가 저런 말한다는거자체가 얼마나있냐.. 자이언트크 더생김..,여자가 저런 말한다는거자체가 얼마나 매력있냐.. 자이언트핑크 매력 더생김..
"여자가 사랑스럽고 귀엽고 예쁘냐 ~ 현무, 한 뿅! 갈만","여자가봐도 왜케 사랑스럽고 귀엽고 예쁘냐~ 현무, 한 눈에 뿅! 갈만"
여자는 얼굴보다실. 근데 얼굴도심.,여자는 얼굴보다 요리실력. 근데 얼굴도 이쁘심.
여자는 역시 널널한 와이 입 때가 제일 좋아. ㅎㅎ 김지원 너무다. ㅎㅎ,여자는 역시 널널한 와이셔츠 입었을 때가 제일 좋아.ㅎㅎ 김지원 너무 예쁘다.ㅎㅎ
여자들도 아무한테나 자기야하는사람있는데 그것도성인것요,여자들도 아무한테나 자기야라고하는사람있는데 그것도성희롱인것같은데요
여자들은 윤아를 그렇게 싫어,여자들은 왜 윤아를 그렇게 싫어할까요?
여자!!! 솔직히 이던이 친오빠 좋겠죠,여자분들!!! 솔직히 이던이 친오빠였으면 좋겠죠?
여자 게임방송국에서 일하셨던분으로 방송인 연예인 그런게ㅋㅋ,여자분은 게임방송국에서 일하셨던분으로 방송인인데 연예인 그런게 맞죠ㅋㅋ
여자한테 꽃이라는 그렇,여자한테 꽃이라는 표현은 좀 그렇네요
##시,여전히 이쁘시구만
손이 했으 좋겠다,여주 손예진이 했으먄 좋겠다
옷을 보면 볼수록 이다희가 생각나네잘을꺼 같은데....,여주 옷을 보면 볼수록 이다희가 생각나네ㅜㅜ잘 어울렸을꺼 같은데....
##가있는이유는 마지막은 여자랑되겧ㄴ게원칙인데.... 제발님 제발 ^ ^ 둘이그냥 다시게해줘요제발 ^ ^,여주가있는이유는 마지막은 여자랑되겧ㄴ게원칙인데 ....제발 작가님 제발 ^^ 둘이그냥 다시만나게해줘요제발 ^^
여행은 꿈도 못꾸는 사람들도 있습니다 네이버와 기자님들의 생각과 배려가 아쉽네요 뉴스의 조건은 초등학생 배운,여행은 꿈도 못꾸는 사람들도 있습니다 네이버와 기자님들의 생각과 배려가 아쉽네요 좋은 뉴스의 조건은 초등학생들도 배운답니다
,역대급으로 재미없다
##빨도 못하는거임,역시 머리빨도 무시 못하는거임
역시 여자였어 응원,역시 멋진 여자였어 응원해요
역시 미스리아 딸이라 ~ ~!,역시 미스코리아 딸이라 예쁘네요~~!
역시 이연희파,역시 이연희 실력파 연기배우
장문복이 떨어질,역시 장문복이 떨어질리가 없는데
##보 ~ ~!! 역시 마인드하나는 최고야!!,역시 조보아~~!!역시 마인드하나는 최고야!!
역시은정,역시 트롯은 장윤정
역시나은 피쉬,역시나 웨딩영상은 피쉬트리
편하게 아닌가!죽여 봐야하는것도 아니고... 별걸다 시비네.,연극 편하게 보는거 아닌가! 숨죽여 봐야하는것도 아니고. .. 별걸다 시비네.
연기 너무시던데 연기자의도 걸어보세요...,연기 너무 잘하시던데 본격적으로 연기자의 길도 걸어보세요...
##나게 잘하시,연기 실감나게 잘하시더군요
연기는 몰라도 비주얼은 정말 잘림 예쁘고 멋졌음 세자빈연,연기는 몰라도 비주얼은 정말 잘어울림 예쁘고 멋졌음 세자빈이랑 무연
##도 조여 젤음,연기도 조여정이 젤 좋았음
연기도이던데!!!!니동,연기도 찰떡이던데!!!! 응원합니동
"연기를 하고 있다는게 너무 티가나서순간마다 부담스러웠다,하자성공에해지지마라","연기를 하고 있다는게 너무 티가나서순간마다 부담스러웠다 , 노력하자 지금의성공에 해이해지지마라"
##들 뭔,연기안한들 뭔걱정
##신 나문희선생님,연기의신 나문희선생님 압승
학부모 ㅡ 애들 싶은듯 ㅡ 한국에 아들오실듯,연세대 학부모 ㅡ 애들 보고 싶은듯 ㅡ 한국에 아들 보러오실듯
연세대가 뭐 어때서..대보다 못하 같은데 ㅋㅋㅋㅋ,연세대가 뭐 어때서.. 뉴욕대보다 못하진 않을거 같은데 ㅋㅋㅋㅋ
연애한다고한다는게같에. 솔직한게 신뢰있고지 이상해이상해,연애한다고 퇴출한다는게 이상한거같에. 솔직한게 신뢰있고 좋은거지 이상해이상해
##이 워낙 좋아서 가능할 듯 ~,연예계 인맥이 워낙 좋아서 복귀 가능할 듯~
연예계의 악플몰이 설리수첩에 악플로 고통받았다는 1도 없었다,연예계의 악플몰이 무섭다 설리수첩에 악플로 고통받았다는 얘기는 1도 없었다던데
연예인들중에 입이 싸서 자기얘기 못한다는 사람들이 몇 있는데 그중에 지석진은 없었음... 동료의은 보호 게 맞음.,연예인들중에 입이 싸서 자기얘기 못한다는 사람들이 몇 있는데 그중에 지석진은 없었음...어느정도 동료의 사생활은 보호해주는 게 맞음.
"연예인인데 이미지 생각하고 나 몰라라 무책임하게 생각할 수 있는데,있고 나이도 생각보다 있네. 남자치고감이,, 곧 결혼할 나이임..","연예인인데 이미지 생각하고 나 몰라라 무책임하게 생각할 수 있는데, 책임감있고 나이도 생각보다 있네. 남자치고 이른감이 있지만,, 곧 결혼할 나이임.."
##제도 아니고 마닷이냐? 빚청산하고 피해자들과 합의를 다 마닷아 도시어부에 다시 나와라 마닷이 없이니 뭔가 허전함,연좌제도 아니고 마닷이 무슨죄냐? 빚청산하고 피해자들과 합의를 다 한다면 마닷아 도시어부에 다시 나와라 마닷이 없이니 뭔가 허전함
##바때,연희 좋아 감바때
하는분인데 암이 걸리는지 안됨묘ᆢ,열심히 하는분인데 왜 암이 걸리는지 이해가 안됨묘ᆢ
##승려 기대됩니다 ~ ~앙 ~ ~,열혈승려 기대됩니다~~가즈앙~~
##정아척,염정아 연기력 엄지척
영상보니깐 팬들 앞인데 몸 터치 했다가 괜한 받을까봐 머리카락 살짝 댕긴거 같던데... 보면 살짝 대기고 그 여자아이돌이 그쪽으로 돌아 걸어와서 쎄게 당긴거처럼거지 당긴 듯...,영상보니깐 팬들 앞인데 몸 터치 했다가 괜한 오해 받을까봐 머리카락 살짝 댕긴거 같던데...보면 살짝 대기고 그 여자아이돌이 그쪽으로 돌아 걸어와서 쎄게 당긴거처럼 보이는거지 살짝 당긴 듯...
영애 피부가 하요 ~ ~요 ~ ~ ☆ ~,영애님 피부가 하애요~~ 이뻐요~~☆~
"##로 신소율 위치보다 연, 뮤계 김지 위치가 급이 더 높은데 지철이도하나 해야할듯","영화로 신소율 위치보다 연,뮤계 김지철 위치가 급이 더 높은데 지철이도 영화하나 해야할듯"
,예뻐용 ㅎㅎ
##게 컷네 ㅎ ㅎ ㅎ,예쁘게 잘 컷네 ㅎ ㅎ ㅎ
##네 엄마 아빠 고루음,예쁘네.엄마 아빠 고루 닮음
##다. 이혼녀 환영,예쁘다. 이혼녀라도 환영한다
두 유전자가 아까워용세가 빨리 찾아오길 ~ ~ ~ ~ ~,예쁜 두 유전자가 아까워용 예쁜 2세가 빨리 찾아오길~~~~~
딸이었으면 ㅎㅎㅎ,예쁜 딸이었으면 좋겠다 ㅎㅎㅎ
~!! 효린 옛날 대박이던데 ~ ㅋㅋㅋㅋ,예쁜데요~!! 효린 옛날 사진은 대박이던데~ㅋㅋㅋㅋ
예상.. 한국으로 돌아갔는데 형버지가 협박하며채려함그래서 끝장을보러 다시 그라나다로..,예상..한국으로 돌아갔는데 형석아버지가 협박하며 회사를 가로채려함그래서 끝장을보러 다시 그라나다로..
##서다.,예서 이쁘다..
예서 진짜 고딩인줄...살이 ㄷㄷ 김혜윤 올해는 꽃길만 걷길,예서 진짜 고딩인줄 알았는데...23살이었음 ㄷㄷ 김혜윤 올해는 꽃길만 걷길
예서는 멘탈이 약한 아이입니다 ~ 잘 주 ~!,예서는 멘탈이 약한 아이입니다~ 잘 케어 해 주십쇼~!
##들의 사랑,예술가들의 아름다운 사랑 응원합니다
##만하지 ㅠㅠ,예원만 불쌍하지 ㅠㅠ
예원아 반가웠다. 마음이 더 성숙한예전처럼 왕성한렴. 화이팅!!,예원아 반가웠다. 마음이 더 성숙한 모습으로예전처럼 왕성한 활동 보여주렴. 화이팅!!
예원이거,예원이가 불쌍한거였어
예원이가 훨씬 어리고 훨씬쁨,예원이가 훨씬 어리고 훨씬 예쁨
예인이 악플을'보고'욕한 것이 맞나? 당시 상황은 멤버가 편의점 갔다가 브이앱 도중 조용해진 방에 들어오며 욕을한 것이라 매니저 혹은 일상의 다른 한 것일 수 있다. 욕 걸그룹일 뿐.,예인이 악플을 '보고' 욕한 것이 맞나? 당시 상황은 멤버가 편의점 갔다가 브이앱 도중 조용해진 방에 들어오며 욕을한 것이라 매니저 혹은 일상의 다른 사람에게 한 것일 수 있다. 팩트는 욕한 걸그룹일 뿐.
예전에 김성수랑 혜빈이엄마랑 혜빈이 돌도 안됐을때관능 같은거 나왔던걸로 기억하는데.. 그거 즐겨봤었어서 사건때 충격이 컸어요.,예전에 김성수랑 혜빈이엄마랑 혜빈이 돌도 안됐을때 가족관찰예능 같은거 나왔던걸로 기억하는데.. 그거 즐겨봤었어서 사건때 충격이 컸어요.
##이나 외모가...,예전이나 외모가 똑같네. . .
##롤...이...,오 케롤... 작품이...
오나라 누나면초반도 좋아할,오나라 누나면 20대초반도 좋아할거같아
,오늘 기대기대
오늘 애 나와서 안봤다 한은영수뻤대매??? 짤로봐야지,오늘 애 나와서 안봤다 한고은신영수예뻤대매???짤로봐야지
##고기만한대 반응이.. ㅋㅋㅋㅋ,오늘 재밌고 웃기기만한대 반응이..ㅋㅋㅋㅋ
오늘 종자한 안나와서 좀 아쉬웟지만 그래도있게 잘봣 ~,오늘 종혁자한 안나와서 좀 아쉬웟지만 그래도 잼있게 잘봣습니다 ~
##었다 ㅋㅋㅋㅋ 홍진영 애교 굿굿,오늘 짱 재밋었다 ㅋㅋㅋㅋ 홍진영 애교 굿굿
오늘밤 너와나 단서파리,오늘밤 너와나 단둘이서 파리파리
,오늘은 이거다
오달한 거 보고 싶었는데 이런 일이..,오달수 드라마 복귀한 거 보고 싶었는데 이런 일이..
오달것 맞음.. 까지 마세요.,오달수는 억울한것 맞음.. 너무 까지 마세요.
오달수씨가 그런일만. 잼났지싶은데,오달수씨가 그런일만 아니었음 ..아깝다 잼났지싶은데
##갈같지음.. 조만간..,오래갈꺼같지않음.. 조만간 ..
오래사는거 보니 보기기만하구만 아이돌커도 길게갈수있다는걸 보여주길,오래사귀는거 보니 보기좋기만하구만 아이돌커플도 길게갈수있다는걸 보여주길
"오랫동안준남편, 시댁어른들. 진짜","오랫동안 기다려준남편,시댁어른들.. 진짜 대단하다"
오랫만에 봤는데 승재 많이 크고 너무 의젓잘라 승재야 ~ ~ ~,오랫만에 봤는데 승재 많이 크고 너무 의젓해졌어요잘커라 승재야~~~
오빠 판박이! 애들이티 흘러,오빠 판박이! 애들이 귀티가 흘러요
오빠랑할래,오빠랑 결혼할래.
##창 이채은 너무 잘어울려요. 영원하시길. 너무 비쥬얼.뽀요 둘이 완죤 잘 어울려요 ㅎㅎ,오창석 이채은 너무 잘어울려요. 영원하시길. 너무 비쥬얼. 이뽀요 둘이 완죤 잘 어울려요 ㅎㅎ
##창 이채은은 짜여진 각본대로 움직인다 ^,오창석 이채은은 짜여진 각본대로 움직인다^^
오창석 채은 잘려요까지갈 ~ ~ ^ ^,오창석 채은 잘어울려요 결혼까지갈것같다 ~~^^
##창 커플 잼 ^ ^ ♡,오창석 커플 잼있음^^♡
##창 ㅠㅠ,오창석이 아까워 ㅠㅠ
오현 겁나이,오현경대박 겁나이쁨
옥현계탑,옥주현 뮤지컬계 원탑
온유 은퇴 하지? 클럽,온유 은퇴한다고 하지 않았나? 클럽 때문에
온유리가 부사장 딸녀인데 그게 들통나서 딸이라고 한게.????,온유리가 부사장 딸 아니고 내연녀인데 그게 들통나서 딸이라고 한게 맞아요.????
##인거 진즉에거덩?,온유리인거 진즉에 알았거덩?
개이 ㅌ,와 개이쁨 ㅌ
와 근데 진짜 한효주 세상에서 제일다,와 근데 진짜 한효주 예쁘기는 세상에서 제일 예쁘다
와 도플싱어가요제 완전됨 ㅋㅋㅌㅋㅋㅋㅋㅋㅋ 거미 린 케이윌 절친들 셋이 나오다니 ㅋㅋㅋㅋㅋㅋ 게다가 박미경 바다 ㅋㅋㅋㅋㅋㅋㅋ 너,와 도플싱어가요제 완전 기대됨 ㅋㅋㅌㅋㅋㅋㅋㅋㅋ 거미 린 케이윌 절친들 셋이 나오다니 ㅋㅋㅋㅋㅋㅋ 게다가 박미경 바다 ㅋㅋㅋㅋㅋㅋㅋ 너므 기대된다
와 셋 다 다르네ㅋㅋㅋ 첫째는 첫째같이 공부하게 생겼고 둘째는게 생겼고는 잘게 생겼네ㅋ,와 셋 다 다르네ㅋㅋㅋ 첫째는 첫째같이 공부하게 생겼고 둘째는 이쁘게 생겼고 셋째는 잘 놀게 생겼네ㅋ
"와 소름돋네 공감순 1, 2위 댓글이 다친사람 걱정이 아니라 물어뜯을것부터 찾는것봐 ; ;디 없이 건강하게 낫길ㅠ","와 소름돋네 공감순 1,2위 댓글이 다친사람 걱정이 아니라 물어뜯을것부터 찾는것봐;; 웬디 큰 후유증 없이 건강하게 낫길ㅠ"
와 이 보고 또 힘이 당장고백하러간다,와 이 뉴스를 보고 또 힘이 난다 당장고백하러간다.
와다스튜네,와 이쁘다 가을스튜디오네
와 일방적 주장 글만 사람내리는거 좀 역하다.,와 일방적 주장 글만 보고 사람 까내리는거 좀 역하다..
##내린 몸매 ~,와 진짜 신이내린 몸매~
와 진짜게컸다,와 진짜 이쁘게 잘컸다.
와세찌럽다 와....,와 차세찌 진짜부럽다 와....
와 ~ ~ ~ 애들이 어쩜 부모 반반아미녀에 홍일점까지... 넘저,와~~~ 애들이 어쩜 부모 반반닮아 미남미녀에 홍일점까지... 넘 믓저
와우 ~ 달kg ㄹㅇ 인간 승리다,와우~두 달만에 19kg ㄹㅇ 인간 승리다
##지 본다,와이지 믿고 본다.
"와이프,, 가하고 생겼네,,","와이프,,가 순하고 착하게 생겼네 , ,"
##타인의 준모부부가나네. 전국민에게이공개된듯한 느낌?,완벽한타인의 준모부부가생각나네.전국민에게폰이공개된듯한 느낌?
##겼ㅋㅋㅋㅋㅋ 1얼로 승진시켜주자!!,완전 개웃겼음ㅋㅋㅋㅋㅋ 1얼로 승진시켜주자!!
완전 기대되네요 ㅋㅋㅋ 스랑 어떻게지 궁금ㅋㅋ,완전 기대되네요 ㅋㅋㅋ 스캐 나온거랑 어떻게 다를지 궁금ㅋㅋ
완전동안 누가48세를믿 넘넘이셔,완전동안 누가48세를믿겠어요 넘넘이쁘셔 화이팅
왕진진부인낸시랭님후지셨네요ㅎㅎ 왕진진♡낸시랭 알콩달콩 이쁜사랑하시면서 오래오래 행복하게 잘사세요ㅎㅎ 과거는잊어버리시고 둘만의행복을찾아요 ㅎㅎ 그리고 네티즌말신경쓰지마세요,왕진진부인낸시랭님 결혼후 더 이뻐지셨네요ㅎㅎ 왕진진♡낸시랭 알콩달콩 이쁜사랑하시면서 오래오래 행복하게 잘사세요ㅎㅎ 과거는잊어버리시고 둘만의행복을찾아요 ㅎㅎ 그리고 네티즌말신경쓰지마세요
미이라가지?,왜 갑자기 미이라가 생각나지?
왜 김지석 기시에 홍진영자매다냐? 이해불가다 보기싫마 니들은 보기싫어도 난 홍지매 재밌으니까 홍선영언니 끼많고 재밌더만 웃는 모습이 너무 귀엽고 천진난만하심 계속 보고싶음,왜 김지석 기시에 홍진영자매 악플다냐? 이해불가다 보기싫으면 보지마 니들은 보기싫어도 난 홍지매 재밌으니까 홍선영언니 끼많고 재밌더만 웃는 모습이 너무 귀엽고 천진난만하심 계속 보고싶음
못어서 안달이야 걍 좀,왜 못 잡아먹어서 안달이야 걍 냅둬라 좀
엄마가스러워야 되죠? 당당하게 사세요 엄마가 죕,왜 엄마가 죄스러워야 되죠?당당하게 사세요 엄마가 죕니까
왜 없나요? 난 김수민아나 더ㅣ졌는데... 할말하는 연예인 공인 사람들이 좋아요 ~ ~,왜 없나요? 난 김수민아나운서 더 좋이ㅣ졌는데...할말하는 연예인 공인 사람들이 좋아요~~
왜 유이는뭐든대 유이 기사에는이많는지 난개인적으로 유이 참좋아하는 배우 앞으로 쭉 나갔으면 수지보다 유이가 더 짱ㆍ,왜 유이는뭐든 잘하는대 유이 기사에는 악플이많는지 난개인적으로 유이 참좋아하는 배우 앞으로 쭉 잘 나갔으면 수지보다 유이가 더 짱ㆍ
왜 윤지성뜨는거야 진짜 맨날 투표 팬 많은게 진짜,왜 윤지성뜨는거야 나 진짜 맨날 투표했는데ㅠㅠ 팬 많은게 진짜
##살,왜 저렇게살까
왜 하차야 소속사가 잘못했구안 스케줄을 소속사가짜아님???,왜 하차야 소속사가 잘못했구안 스케줄을 소속사가짜서 움직이는거아님???
왜욕을합니까? 두분이사랑한다는데. 욕하고 비난할자격 우리에겐없지않나요? 무슨권리로과욕을?,왜욕을합니까?두분이사랑한다는데..욕하고 비난할자격 우리에겐없지않나요? 무슨권리로 비난과욕을하죠?
##졌음?랑❤️❤️❤️,왜케 이뻐졌음? 내사랑❤️❤️❤️
왤케 연예인들 물고 뜯냐 ㅋㅋ인 인생들,왤케 연예인들 물고 뜯냐 ㅋㅋ본인 인생들 챙겨요
외소한체격이 참.. 지드래곤은 참부러,외소한체격이 참 아쉽지만..지드래곤은 참 멋져부러
남자 아닙니다.... ㅋㅋㅋㅋㅋ다들 속으시네 ㅋㅋㅋㅋ드릴게요 ~,왼쪽 남자 김구라 아닙니다....ㅋㅋㅋㅋㅋ다들 속으시네 ㅋㅋㅋㅋ 알려드릴게요~
##산다 솔직히노잼,요새 나혼자산다 솔직히노잼.
요새 스는 안........,요새 스브스는 믿음이 안 가서........
##게 오픈하시네 ㅋㅋ,요즘 과하게 오픈하시네 ㅋㅋ
급식들은 핑클 전성기 잘건데 요즘 가수로치면 러블리즈 정도되는이였음,요즘 급식들은 핑클 전성기 잘모를건데 요즘 가수로치면 러블리즈 정도되는 팀이였음
##가 커서 48보다는 한 52 - 23이 이쁜듯,요즘 애들은 키가 커서 48보다는 한 52-23이 이쁜듯
요즘 유일하게 보는 한지민이도 지성이도,요즘 유일하게 보는 드라마 한지민이도 이쁘고 지성이도 멋있다
요즘도 계속 너를 노래해 들어요 ~ ~ 왜안떴는지능 ~ ~ ~,요즘도 계속 너를 노래해 들어요~~ 왜안떴는지 참 아쉽다능~~~ ㅜㅜ
너무커서 190은넘어야 돋보이,요즘애들 너무커서 190은넘어야 돋보이던데
##에 밖에 나가서 돈 안 벌어오고 집에서 애 육아 참여 안 하는 사람이.,요즘에 결혼하고 밖에 나가서 돈 안 벌어오고 집에서 애 육아 참여 안 하는 사람이 어딨냐.
요즘은 배우보다 아나윤뻐,요즘은 배우보다 아나윤서가 더이뻐
우리나라 3대핑크...핑. 블랙핑크.트 핑크,우리나라 3대핑크...에이핑크.블랙핑크.자이언트 핑크
명도 탑이신분 ~,우리나라 명배우중에서도 탑이신분~
"왜 아직도 상을 줄때도 장유유서인가! 김혜자씨 연기, 이번에 대상감은 아니라고 봅니다","우리나라는 왜 아직도 상을 줄때도 장유유서인가! 김혜자씨 연기 잘하는거 맞는데, 이번에 대상감은 아니라고 봅니다"
##선 밉상돼요,우리나라에선 행복하면 밉상돼요
##찜 넘,우리찜니 넘조아
우와 ~년 ~ 대단하다! 앵야 ~ 좀만 더 힘내서지말자ㅠ근데 앵두를 좀 보고 싶은데......................,우와~19년~대단하다!앵두야~좀만 더 힘내서 아프지말자ㅠ근데 앵두를 좀 보고 싶은데......................
##지마 바보야... 정말 갠나,울지마 바보야...나 정말 갠차나
,웃기다 ㅋㅋ
##파였지 계획된,원래 레파토리였지 계획된
원래 마른 몸매? 쨌네요 ^ ^,원래 마른 몸매 아니었나? 쨌든 부럽네요^^
##하고 나이가서 차승원 김사랑이 했으면 딱이었을것같다,원작하고 나이가 안맞아서 그렇지 차승원 김사랑이 했으면 딱이었을것같다
원주시민들 장동에게패 드려야겠네. 본인 고향은 아산인데 원주에 뿌리를 내리려고하니,원주시민들 장동민에게 감사패 드려야겠네.본인 고향은 아산인데 원주에 뿌리를 내리려고 홍보하니
원진이,원진이 살려 ㅠㅠㅠㅠㅠㅠㅠ
##테이의 결론 : 결국은 맛보 이쁜거!!!,원테이블의 결론: 결국은 맛보단 이쁜거!!!
"월드컵 때문에 불청 시청이 소원하였지만 왜 박선영은 나오는 거냐? 베트남 호이안해변에서 식당 개업한거냐? 아, 선영이의 천진쾌활한 웃음소리를 듣고 싶구나! 뜨거운 양철 지붕 위 같은, 지내고 있겠지.","월드컵 때문에 불청 시청이 소원하였지만 왜 박선영은 안 나오는 거냐? 베트남 호이안해변에서 식당 개업한거냐? 아,선영이의 천진쾌활한 웃음소리를 듣고 싶구나! 뜨거운 양철 지붕 위 같은 요즘, 잘 지내고 있겠지."
##트디를 보는듯...,월트디즈니 만화를 보는듯...
##디를 축복합니다 예수님의 보혈을 덮습니다 상처에 바릅니다 영혼이 잘됨같이 범사가고건해지시길 기도합니다,웬디를 축복합니다 예수님의 보혈을 덮습니다 상처에 바릅니다 영혼이 잘됨같이 범사가 잘되고강건해지시길 기도합니다
윌리엄 그동안 스킵했었는데 오늘 이모습하고 서준이에서 아이로움,윌리엄 그동안 스킵했었는데 오늘 이모습하고 서준이에서 눈여겨볼 아이로 성장했움
##강 이 좋겠다,유강라인 이었으면 좋겠다
유리가 누군데?가라지...,유리가 누군데? 유리가 한두명이라지...
유병 ~ ~,유병재 호감~~
##으니 조심하세요 유산은 노노,유산 될수있으니 조심하세요 유산은 노노
유산과다리 사랑 가즈아 ~!!!,유산슬과 코다리 사랑 듀엣 가즈아~!!!
유이는 나날이가 느는게 티가 남.. 특히 우는 연기랑 목소리 떠는 연기.. 악플량에 비해 연기가 매번 놀란다,유이는 나날이 연기가 느는게 노력한 티가 남.. 특히 우는 연기랑 목소리 떠는 연기.. 악플량에 비해 연기가 좋아서 매번 놀란다
유인나짐,유인나랑 헤어짐?
,유재석 재벌인디
바다가 변제 해주고 우리하면 그림이 좋은데,유진 바다가 변제 해주고 우리 다시 시작하자하면 그림이 좋은데
유진이랑 트와이스연이랑 쫌,유진이랑 트와이스 나연이랑 쫌 닮았다
유천이랑하죠,유천이랑 연락하죠?
,유치해요 ㅠㅠ
유튜브 활력소가 신성일 선생님을 비방하는 퍼뜨렸음. 이 악플러 당했으면.,유튜브 활력소TV가 신성일 선생님을 비방하는 영상을 퍼뜨렸음. 이 악플러 고소 당했으면.
"유혹,했었죠 ~ 근데볼때마다 정훈희닮ㅎ","유혹,대단했었죠~근데볼때마다 정훈희씨닮았음ㅎ"
유희열님 미개꿀인데게스트로 나와주세욤ㅎㅎ유유커플쟁,유희열님 미추리개꿀인데게스트로 나와주세욤ㅎㅎ유유커플 꿀쟁
육두문자 나오,육두문자 나오더라
##하는 아빠는 부모라면 당연한거고요.... ㅋ.. ; ;,육아하는 아빠라니 육아는 부모라면 당연한거고요....ㅋ..;;
윤미래의 재능,윤미래의 재능 너무 아까워.
윤세아 데뷔작인지는 모르겠지만 처음 본 드라마에서 무표정에 차분하고 도도한 이미지였었던거 같은데 그 때 너무서 인상었음 다른 이미지 안어울림,윤세아 데뷔작인지는 모르겠지만 처음 본 드라마에서 무표정에 차분하고 도도한 이미지였었던거 같은데 그 때 너무 잘 어울려서 인상깊었음 다른 이미지 안어울림
윤소희 신인때부터 눈여겨왔지만 내생각보드 더 겸손하면서 이쁜배우일.. 더없네..,윤소희 신인때부터 눈여겨왔지만 내생각보드 더 겸손하면서 이쁜배우일줄이야..더 좋아할수밖에없네..
윤은혜 혹시 교회장에 위처럼 입은 아니겠지... 생각이 있으면 안그랬을거야... 아니라고 해줘요... ㅠ,윤은혜 혹시 교회 결혼식장에 위 사진처럼 입은건 아니겠지...생각이 있으면 안그랬을거야...아니라고 해줘요...ㅠ
##혜와 아직할까요?,윤은혜와 아직 연락할까요?
윤정수씨 괜찮은분인건 알겠는데 현진씨 부모님이라면 좀할거 ㅜ,윤정수씨 괜찮은분인건 알겠는데 제가 현진씨 부모님이라면 좀 속상할거 같아요 ㅜ
윤진이 배우 김예원 ( 써니 반대 패거리 ) 하고 많이,윤진이 배우 김예원(써니에서 반대 패거리 리더)하고 많이 닮았네
##이가를것임,윤진이가 연기를 잘하는것임
##발 ~ ~,은근히 옷발 안나~~
은이 개짐... 벌써릭,은섬이 개멋짐... 벌써 홀릭
음 나쁠건 이왕이면 산불난기부,음 나쁠건없는데 이왕이면 산불난 지역에기부하지
음.. 전형적인 우울증으로 보이는데. 심리치료부터 받아,음.. 전형적인 우울증 증상으로 보이는데. 심리치료부터 받아봐야겠네요
음 볼때마다 체 돌리됨 ; ; ; ;,음방 볼때마다 체널 돌리게됨;;;;
음식 잘하는 시어머니라하면 남편 입맛이 까다로울수 있어요.. 좋은음식 맛있는걸 많이 먹어서 마누라한테도 요구해요. 필요없어요..,음식 잘하는 시어머니라하면 남편 입맛이 까다로울수 있어요..어릴때부터 좋은음식 맛있는걸 많이 먹어서 마누라한테도 요구해요 .부러워 할 필요없어요..
음악적 실력을 떠나 위 포스는 양동이.,음악적 실력을 떠나 무대 위 포스는 양동근이 최고다.
음악퀄은 아직도 3선 오이지야 음악비 무대 돈을 안아껴,음악퀄은 아직도 3사중에선 오이지야 음악 뮤비 무대 돈을 안아껴
응당한 처벌받 언젠가는 다시 연예계든 개인방송에서든길 바랍니다 준영씨,응당한 처벌받고 언젠가는 다시 연예계든 개인방송에서든 볼수있길 바랍니다 준영씨 힘내세요
##해요. ~ 요즘 안재현소속사가 혜선씨 올라올까봐 제일하겠네요,응원해요.~요즘 안재현소속사가 혜선씨 소식 올라올까봐 제일 불안하겠네요
의리으용 ~ ~ ~ ~,의리 보기좋으네용~~~~
##을 가질수도 있지들이 키웠네,의문을 가질수도 있지 네티즌들이 판을 키웠네
"이 누나 데려가신 남편분,습니다 ~ ~ ㅠ _ 누나하세요 ~","이 누나 데려가신 남편분, 부럽습니다~~ ㅠ_ㅠ 누나 행복하세요~"
이 늙...,이 누나도 늙네...
"이 두사람은 전생에 도깨비와, 도깨비신부가 아녔을까..??같은.. 응원합니다 당당한모습 보기좋네요 ~ ^ ^","이 두사람은 전생에 도깨비와,도깨비신부가 아녔을까..?? 운명같은 사랑..응원합니다♡ 당당한모습 보기좋네요~^^"
이 망한걸로 오늘이 종방,이 드라마 망한걸로 아는데 오늘이 종방였군
이는들에 비해 노....,이 드라마는 전작들에 비해 노잼....
이졌으면...,이 방송 없어졌으면....
이 변호사 뭔가 사람.. 좀 관종끼가 요새 안그런 사람은 없는거같고..,이 변호사 뭔가 멋진 사람같다..좀 관종끼가 있지만 요새 안그런 사람은 없는거같고..
애 생기면 걔는가 김태희네....,이 부부 애 생기면 걔는 이모가 김태희네....
분 진국이실 듯 ~,이 분 왠지 진국이실 듯~!
이 분은 달고 다니시,이 분은 논란 달고 다니시넹
이는 동물왕국틀어 30 % 임,이 시간에는 동물의왕국틀어도 30%임
이 와중에.. 혹시검하고 사귀는중인건가.. 하는 생각이 밀려옴 ; ;,이 와중에..혹시 박보검하고 이번에는 사귀는중인건가..하는 생각이 자꾸 밀려옴;;
##였어요? 광줄 알았네ㅋㅋㅋ,이거 드라마였어요? 광곤줄 알았네ㅋㅋㅋ
이거 어묵논란은 해결된건가요?줄알,이거 어묵논란은 해결된건가요? 폐지된줄알았는데
이건 단순히 도박 문제를 떠나서 한국 육아 주부들이 다같이 문제라고 본다,이건 단순히 도박 문제를 떠나서 한국 육아 주부들이 처한 현실을 다같이 돌아볼 문제라고 본다
이건 아니다 ㅠㅠ진짜 말이되 포르투갈까지 따라온 여자 버린다,이건 아니다 ㅠㅠ진짜 말이되 포르투갈까지 따라온 여자 버린다고??
이건 조재현이 잘못한게 없지 않나? 또 단국대 나온 조수훈은 비한체대 라인인데... 그냥 구별하기 쉽게 한체대 비한체대 이렇게거지한체대는 곧 단국대 라인을고...,이건 조재현이 잘못한게 없지 않나? 또 단국대 나온 조수훈은 비한체대 라인인데... 그냥 구별하기 쉽게 한체대 비한체대 이렇게 부르는거지 비한체대는 곧 단국대 라인을 말하는거고...
6나니.......,이걸 6회나 봐야한다니.......
이걸한번 봐바야겠네 한지혜숨소리 듣느리 안보는게낫다싶어 심심했는데 김정수작,이걸한번 봐바야겠네 한지혜숨소리 듣느리 안보는게낫다싶어 심심했는데 김정수작가라 기대해보네요
##지?,이게 뭐가문제지?
이게 사실이든아니든 확인도 안된걸 sns에 실명한게 무슨 열사니 뭐니여줄 일인가?지...,이게 사실이든아니든 확인도 안된걸 sns에 실명 거론한게 무슨 열사니 뭐니 부축여줄 일인가? 잘못된거지...
이게 헤프닝으로 끝나야 아는형님에서 빚 드립을 칠수있는 구라좋 상민이형님 화이팅 ㅠ,이게 헤프닝으로 끝나야 아는형님에서 빚 드립을 칠수있는데 구라였으면좋겟다 상민이형님 화이팅 ㅠ
이국주마.... 그래도 여자로서 망가지면서 웃긴다는게 얼마나 힘든건데.. 난 박나래가 더 웃겨도 인간적으론 이국주가 더던데... 이국주도 사람이고 여자야 무조건 욕하지,이국주 욕하지마.... 그래도 여자로서 망가지면서 웃긴다는게 얼마나 힘든건데.. 난 박나래가 더 웃겨도 인간적으론 이국주가 더 끌리던데... 이국주도 사람이고 여자야 무조건 욕하지 마라
##한 잘듯ㅋㅋ,이규한씨 잘 어울릴듯ㅋㅋ
이나영 보며 이쁘다.. 이쁘다.. 역시이다.. 어쩜 저리 하나도 안변하고 아이낳고두 이까...만하느랴 무슨내용인지 눈에안들어옴 ㅜ 내일부터 다시집중해야겠어요ㅋ근데 스카이캐슬은 오늘 초집중ㅠ 미첬음 ㅜㅜ,이나영 보며 이쁘다..이쁘다..역시이쁘다..어쩜 저리 하나도 안변하고 아이낳고두 이쁠까...감탄만하느랴 무슨내용인지 눈에안들어옴 ㅜ 내일부터 다시집중해야겠어요ㅋ근데 스카이캐슬은 오늘 초집중ㅠ 미첬음 ㅜㅜ
이다해냐ㅋㅋㅋㅋ,이다해 왜케 웃기냐ㅋㅋㅋㅋ
이동건 차예련 핑크빛 열애중 ㅡ벌네 세월참 빠르긴 하네 ㅡㅡhttp : / / antijms. net,이동건 차예련 핑크빛 열애중 ㅡ벌써 십년전이네 세월참 빠르긴 하네 ㅡㅡhttp://antijms.net
이동우 방송나와서 시력이 약해지면서 어린딸 밟은얘기하면서게데 정말하더라,이동우 방송나와서 시력이 약해지면서 어린딸 밟은얘기하면서 슬프게 우는데 정말 짠하더라
나온게 참..... 애낳고나면 붓기어쩔데 무슨 성형설 ㅡㅡ,이런 기사 나온게 참.....애낳고나면 붓기어쩔수없는데 무슨 성형설 ㅡㅡ
이런 영혼은 하나님 한테하면 정말 퍼펙트 하다. 씨 들어가면 정말 감동 될거다.,이런 영혼은 하나님 한테 의지하면 정말 퍼펙트 하다. 말씀의 씨 들어가면 정말 감동 될거다.
이럴 줄 알았다 딱봐도 거짓뉴스산다 본 사람이면 다 잔나비 진짜 힘들게 노력해서 성공하니까 괜히 시샘나서,이럴 줄 알았다 딱봐도 거짓뉴스였음 나혼자산다 본 사람이면 다 알텐데 잔나비 진짜 힘들게 노력해서 성공하니까 괜히 시샘나서
##을수,이렇게 재밋을수 있다니
이렇게하고 여성 실종 들어감 어디로 사라짐?,이렇게하고 제주도 여성 실종 실검 쏙 들어감 어디로 사라짐?
이름이 차주혁인 걸 엄마는 차서방이 했지?,이름이 차주혁인 걸 엄마는 어떻게 알고 차서방이라고 했지?
##랑된다,이명박이랑 너무 비교된다
이미 설명회 참석한 적이 없다고 본인이 해명한 인터뷰 기사도 올라왔는데 이건 좀 내려주시죠?? 그리고 고소장 내용일 뿐 확실한 팩트도 없는데 무조건 욕부터 하신 분들 양심 챙기세요 : / /. me 5h07ulzU,이미 설명회 참석한 적이 없다고 본인이 해명한 인터뷰 기사도 올라왔는데 이건 좀 내려주시죠?? 그리고 고소장 내용일 뿐 확실한 팩트도 없는데 무조건 욕부터 하신 분들 양심 챙기세요 http://naver.me/5h07ulzU
##은이 하고들은 뭐함?,이발은 다른사람이 하고 저분들은 뭐함?
"경로우대 대상 ( 주말극, 일일극, 대하극아버지어머니역할 ) 아니라 제대로 된","이번엔 경로우대 대상(주말극 ,일일극, 대하극아버지어머니역할) 아니라 제대로 된 대상같음"
이병헌이 뭔했어요? 저는 내마음의 풍금 봤는데 잘게 나와서더만,이병헌이 뭔 잘못했어요?저는 내마음의 풍금 봤는데 잘생기게 나와서 좋더만
이병헌이 사부로을듯 ~ ~,이병헌이 연기 사부로 나와도 괜찮을듯~~
이분 연기는 악마를았다 좀 실망.,이분 연기는 악마를보았다에서 보고 좀 실망.
왜 모르세요 하얀거탑에서 거으로신 분이잖아요,이분 왜 모르세요 하얀거탑에서 거탑으로 나오신 분이잖아요
,이뻐요 언니
##이 ㅊ,이뻐이뻐 ㅊㅋ
##게 잘살고만 먼 생트집이야순산,이쁘게 잘살고 있고만 먼 생트집이야순산하세요
##긴 진짜게네,이쁘긴 진짜 디게 이쁘네
##니까 이해,이쁘니까 이해해라
,이쁘니깐 괜찮아
##니깐자 ~!!!!!,이쁘니깐 봐주자~~!!!!!
##까,이쁘닌까 무죄
##면 용서됨 ~ 사랑해 ~,이쁘면 용서됨~사랑해~
,이쁜 부부 ♥
##들과 아들들,이쁜 엄마들과 아들들 ㅠㅠㅠ
##환이 들어오면 재미날듯,이상민이나 신정환이 들어오면 재미날듯
##윤가 ~ 잘만하시더라,이상윤연기가 어때서~ 잘만하시더라
이상윤이 안아주는거는 연인관계가 아닌 오같은,이상윤이 안아주는거는 연인관계가 아닌 오누이같은 위로 느낌
##야를하게 됨,이상하게 다야를 응원하게 됨
##보 보다돌림,이상해보였다 보다 채널돌림
이서진이 한지민 넘 같음.. 둘이 잘.. ㅋㅋ,이서진이 한지민 넘 귀여워 하는것 같음.. 둘이 잘 됐으면..ㅋㅋ
##빈...,이선빈이 아깝다...
##창!!!....,이세창 화이팅!!!.....
##근해라 ~ ~ ~ ~,이수근 흥해라~~~~
이순재님 배우자 많이하시었을듯제3자가 봐도 불쾌...,이순재님 배우자입장에서 많이 불쾌하시었을듯제3자가 봐도 불쾌한것이...
이승기 예의도 없고 열심히도 안한다는,이승기는 예의도 없고 열심히도 안한다는 말인가
이승기는 나영석 머릿속 없는건가,이승기는 이제 나영석 머릿속에 없는건가요
이시언 팬팅 빵긴 ㅋ,이시언 팬미팅 빵 터지긴했음 ㅋ
이엘리야 보면 혓바닥남,이엘리야 보면 혓바닥만 생각남 ㅠㅠㅠ
이영자는 먹는거만 하지 왜 또으로 가는 건지.,이영자는 먹는거만 하지 왜 또 무리한 설정으로 가는 건지 안타깝다.
결혼하지어나? 돌?,이완 결혼하지 않았어나? 돌싱?
##이면 딸을 낳좋았을테데 ~ 이쁜아들이랑게사세요,이왕이면 딸을 낳았으면좋았을테데 ~이쁜아들이랑 예쁘게사세요
이유가무엇이든간에 어잿거나 저애가노력한결과라생각함넘마극성이든모든간에 몰해도안되는애가잇고 되는애가잇듯이... 쟈도 본인노큰듯.보 정우,이유가무엇이든간에 어잿거나 저애가노력한결과라생각함넘마극성이든모든간에 몰해도안되는애가잇고 되는애가잇듯이...쟈도 본인노력도큰듯. 박수보냅니다 정우
이정도면 드라마가 아니라 블럭 버스터급영화 ~ ~쥐 베본2가.,이정도면 드라마가 아니라 블럭 버스터급영화~~ 왠쥐 베본2가 나올지도.
이제 뭘. 남궁견. 어쩌나 심심해서.,이제 뭘 볼까.남궁민의 재발견.어쩌나 심심해서.
이제 박유천 까라개인 만큼 먹었디ㅡ,이제 박유천그만 까라개인일이고 욕먹을 만큼 먹었디ㅡ
"##만 질 수 있다면 자유롭게 사랑해도 되는 시대 아닌가? 홍상수 감독 자녀들도 다 성인으로 알고 있는데, 이을 막을 이유가 뭐가있지?","이제 책임만 질 수 있다면 자유롭게 사랑해도 되는 시대 아닌가? 홍상수 감독 자녀들도 다 성인으로 알고 있는데, 이 이혼을 막을 이유가 뭐가있지?"
이제 하나님 천국 가자,이제 하나님 믿고 천국 가자
##물이다 천만도 간간당 할걸...,이제끝물이다 천만도 간당간당 할걸...
이종석이 더네... 왜 이렇게조카같은들로 로맨스를 찍는지,이종석이 더 예쁘네... 왜 이렇게 이모조카같은 배우들로 로맨스를 찍는지
이주승 세상에서 제일럽다,이주승 세상에서 제일부럽다
이준기는 연기 넘 잘하고 이시언은 넘 까오 장난아님. 드라마 너무는데 이지은 연기 좀만 더 잘하면 좋겠다,이준기는 연기 넘 잘하고 이시언은 넘 웃기고 까메오 장난아님.드라마 너무 재밌는데 이지은 연기 좀만 더 잘하면 좋겠다
##기인줄.,이준기인줄 몰랐..
이준이랑 연애중었나?대?,이준이랑 연애중 아니였었나? 언제 헤어졌대?
이지아 고쳤던 뭐했던 이쁘건 진짜. 뭐랄까.. 좀스러운 느낌이랄까?,이지아 고쳤던 뭐했던 이쁘건 진짜 이쁘다. 뭐랄까.. 좀 신비스러운 느낌이랄까?
이지 같은 여자랑 결혼하고,이지혜 같은 여자랑 결혼하고 싶다ㅠㅠ
이집은 부부가 둘다 너무밈없고해방송용으로 가식적으로 않아서 안티들에게 물고 뜯기고 있네,이집은 부부가 둘다 너무 꾸밈없고 솔직해방송용으로 가식적으로 나오지 않아서 안티들에게 물고 뜯기고 있네
##플 넘 ~ ~ ~,이커플 넘 조아~~~
##커합니다ㅎㅎ,이커플 애정합니다ㅎㅎ
이태임과 구분안됨,이태임과 구분잘안됨
이현이 보고 짜증나는거 박가원 보고 왜들,이현이 보고 짜증나는거 박가원 보고 풀었는데 왜들그래
이혼을 하더라도 박한별 직업은 연예인이고아야하는데 방송에도 나오지말라 너무한일아닌가요. 본인들 인생아니라고.,이혼을 하더라도 박한별 직업은 연예인이고 먹고살아야하는데 방송에도 나오지말라하는건 너무한일아닌가요. 본인들 인생아니라고..
이혼즈음해서 둘 다졌던데? 송중기는 아스달에서 여배우 포함 제일 예뽀 송혜교 최근cf는 보다가 리모컨 떨줌. 와 그냥,이혼즈음해서 둘 다 엄청 예뻐졌던데? 송중기는 아스달에서 여배우 포함 제일 예뽀 송혜교 최근cf는 보다가 리모컨 떨줌. 와 그냥 여신
이효리,이효리는 흥해라
이휘재랑 똑같네,이휘재 젊었을때랑 똑같네
,인물은 참 없다
저렇게맛이 날텐데. 능력 좋고 얼굴 이쁘고.,인생은 저렇게 살아야 살맛이 날텐데. 능력 좋고 얼굴 이쁘고.
##으로 나오는 존 ~ ~,인턴으로 나오는 사원 존잘 ~~
일반인 기준으로 보면 직업잃고 2억주고 2년깜방 생활하러 간거니 같은데??,일반인 기준으로 보면 직업잃고 2억주고 2년깜방 생활하러 간거니 작은 처벌이 아닌것 같은데??
일베 슈가대디해,일베& 슈가대디논란 해명해
일본 사람입장에선를 버린거네,일본 사람입장에선 자기나라를 버린거네요.
져라,일본 축구 져라
일본사람들 너무하고국민성도 한국보다 훨씬좋고히 선진국이 아님,일본사람들 너무 좋아 친절하고국민성도 한국보다 훨씬좋고괜히 선진국이 아님
일본인인줄 알고 진짜 따로 찾아볼 정도였네요 매우깊!,일본인인줄 알고 진짜 따로 찾아볼 정도였네요 연기 매우 인상깊었어요!
"일뽕은 프듀 시즌1, 2도 현장이랑 방송이랑도 너무려서 논란 많았음","일뽕은 아닌듯 프듀 시즌1,2도 현장이랑 방송이랑 호응도 너무 갈려서 논란 많았음"
계단내려올 업힐때...달달해,일어나서 계단내려올때 업힐때...ㅠㅠㅠ달달해
임산부에 헐 대구라니 ㄷㄷㄷㄷㄷㄷ 만 박혀있어요 누나,임산부에 헐 대구라니 ㄷㄷㄷㄷㄷㄷ 집에 만 박혀있어요 누나 ㅜㅜㅜ
임신만 안하면 속도위반이 아닌건? 아니면 속도위반은 했지만 단속은 피했다는? 말도 생각하면서했으면,임신만 안하면 속도위반이 아닌건가? 아니면 속도위반은 했지만 단속은 피했다는 것인가? 말도 생각하면서 조심했으면
임신해서 그런지 좀 찐 같은데 오히려 보기 ~ ~,임신해서 그런지 살이 좀 찐것 같은데 오히려 보기 좋음~~
##연이,임지연이 아까워요
임현주너무이뻐요 임현주가짱 같은여자가너무스럼,임현주너무이뻐요 임현주가짱 같은여자가봐도너무사랑스럼♡
##으면 들어가서도 아무것도 안해야되는게 정상아닌가?,자기가 잘못햇으면 들어가서도 아무것도 안해야되는게 정상아닌가?
##하면 되는거 아니냐?이나 빌어줘라,자기들끼리 행복하면 되는거 아니냐? 행복이나 빌어줘라
##보다 미나 아깝다,자꾸보다보니 미나가 아깝다
##를하는건다,자동차를 운전하는건 지옥이다
##하고 싶나봐 ㅋㅋ,자랑하고 싶나봐 ㅋㅋ
자발적녀부부 좋을까?어갈 아이가 행복 이던데,자발적 무자녀부부 좋을까?나이들어갈수록 아이가 행복 이던데
자살한 천국에 가지 구천을 떠돈다던데 ㅠ,자살한 영혼은 천국에 가지 못하고 구천을 떠돈다던데 ㅠ
,자숙 끝났나요
자전차 엄복동이!!!,자전차왕 엄복동이다!!!
자판기않았음?가나왘ㅋㅋㅋㅋㅋㅋㅋㅋ,자판기 웃기지않았음? 음료가 계속나왘ㅋㅋㅋㅋㅋㅋㅋㅋ
##님 제발 진짜 중간에 어떻게 하시든지 마지막엔 민순경이랑 온준영이게 해주세요...,작가님 제발 진짜 중간에 어떻게 전개 하시든지 마지막엔 민순경이랑 온준영이 잘되게 해주세요...
작품마다 헤어스타에 따라 얼굴이 다 다르다희하고상하다 이남,작품마다 헤어스타에 따라 얼굴이 다 다르다희한하고 요상하다 이남자다
잘건가? 그냥형이지... 몸매도,잘 생긴건가?그냥 호감형이지...몸매도 좋은
잘 ㅠㅠ 송혜교 보단 김지랑 분위기가린듯,잘 어울린다 ㅠㅠ 송혜교 보단 김지원이랑 분위기가 어울린듯
컸네요.해보여요 ~,잘 컸네요. 화목해보여요~
잘될거야 엠몽는 항상...,잘될거야 엠씨몽 노래는 항상 좋았는데 ...
잘못은 했지만로 자기인생도밑바닥으로 떨어진 불쌍하다는 생각이 드네요 ~,잘못은 했지만 한순간실수로 자기인생도밑바닥으로 떨어진 사람도 불쌍하다는 생각이 드네요~
##것도 없는데 사람주는거... 다 본인들한테 돌아간다. 맘보 곱게써라.,잘못한것도 없는데 사람 욕하고 상처주는거...다 본인들한테 돌아간다.맘보 곱게써라.
##생겼는데 얼굴 아깝다,잘생겼는데 얼굴 아깝다
##으니 돼ㅛ,잘생겼으니 돼ㅛ어
##데다가 연대 정치외교..셨군요 삼가 명복을 빕니다.,잘생긴데다가 연대 정치외교.. 인재셨군요 삼가 고인의 명복을 빕니다.
잘려욥 나혼산혜진됨,잘어울려욥 나혼산보면서혜진 호감됨
잘린다! 후성에 힘써주세요 ~,잘어울린다!후학양성에 힘써주세요~
잘림 언능지,잘어울림 언능 결혼하셔야지
##데 인정하는게 왜그리 힘들어하지? 직접들어보면 아무소리도 못함.... 손연 ~ ~!!!,잘하는데 인정하는게 왜그리 힘들어하지?직접들어보면 아무소리도 못함....손승연~화이팅~!!!
잘하는분 많은데 송가만큼 임패분은 없네요 그래도 보이스퀸보다는 낫고요,잘하는분 많은데 송가인만큼 임패트있는분은 없네요 그래도 보이스퀸보다는 낫고요
잠을 잘 못 이루는 예민한구나. 악플 같은 보지도.,잠을 잘 못 이루는 예민한 성격이구나. 악플 같은건 보지도 말길.
잡티가서 하면 싹져요 아저씨,잡티 피부과가서 레이저 하면 싹없어져요 아저씨
장도연 양세형 추가 투입 나래와,장도연 양세형 추가 투입 케미 좋아요 나래와 좋아요
##님께는 자식된 도리를 해야 하고께누 자식된 도리 따위는 없고? 아직 많이 어린거 같음엄마가 또 상처받길 원하지 않는마음은 알겠지만 말은 함부로 내뱉는게 아님,장모님께는 자식된 도리를 해야 하고 어머니께누 자식된 도리 따위는 필요 없고?아직 많이 어린거 같음엄마가 또 상처받길 원하지 않는마음은 알겠지만 말은 함부로 내뱉는게 아님
##조셍 ‥,장승조랑 밀어주셍‥
장윤정 ~ 난 저 특유의 콧소리가. 계속 흥 ~ ~,장윤정 좋아요~ 난 저 특유의 콧소리가 좋음. 계속 흥하길~~
장태준이 죽인거는 같은데에서 풀어주 근데 11월까지 어떻게 기다리지 ㅠㅠ,장태준이 죽인거는 아닌거 같은데 시즌2에서 풀어주것지 근데 11월까지 어떻게 기다리지 ㅠㅠ
,재미 1도 없다
재미 1도 없으.. 완전버린,재미 1도 없으..완전 산으로 가버린 스토리
,재미 있습니까 ?
,재미가 없어요
##만 있 다들악이네,재미만 있더만 다들악플이네
재인거,재민이인거 같네요
##기만 하구만그리들 불평불만들이 많으?,재밌기만 하구만 뭘그리들 불평불만들이 많으신가요?
재밌긴 한데 내용전개가 좀... 김지원 진짜 세젤.....,재밌긴 한데 내용전개가 좀... 그래도 김지원 진짜 세젤예임.....
##는데하고좋고 대만족,재밌는데 신선하고 연기좋고 대만족
재밌다는 사람들 진심 알바,재밌다는 사람들 진심 알바 아니고??
##어요차선희씨 밤새간하는 장면 눈물요담주가빨리오길,재밌어요차선희씨 밤새간호하는 장면 눈물났어요담주가빨리오길
##었고도 잘듯 굳굳,재밌었고 스토리도 잘 지은듯 굳굳
잼민 파워,잼나.남궁민 파워
저 매니저형도 그냥 같이 연예인 시켜주세요.. ㅠㅠ 너무생기고 인성도 너무..,저 매니저형도 그냥 같이 연예인 시켜주세요..ㅠㅠ 너무 잘생기고 인성도 좋고 너무 좋아요..
집딸이 되고,저 집 막내딸이 되고싶다
저궁굼해서그러는데. 이사건에대해서잘모르는데 승리가 왜 있는거죠 직접 마약 성관계 폭행 성푸행 자기는 하진않았??? 거기햇던사람들이인데...,저궁굼해서그러는데.이사건에대해서잘모르는데 승리가 왜 잘못이 있는거죠 직접 마약 성관계 폭행 성푸행 자기는 하진않았잖아요???거기햇던사람들이잘못인데 ...
저는 애초에 믿지도 않았어요 ~ 걱정마시고! ~ 나영석PD님 ~ 정유미 ~ ^ ^,저는 애초에 믿지도 않았어요~ 걱정마시고 힘내세요! 응원합니다~ 나영석PD님~정유미님~^^
유리씨 주현씨 퐁당.. ㅎㅎ,저도 유리씨 주현씨 매력에 퐁당..ㅎㅎ
저러다정들고 정사는거아녀? ㅎㅎㅎ,저러다정들고 정들다사귀는거아녀?ㅎㅎㅎ
저런관상이잘하드라컸넹,저런관상이 노래잘하드라 잘컸넹
저렇게 눈큰 여자는 눈작은남자를 좋아한다 눈작은가생겨보인다 내가다,저렇게 눈큰 여자는 눈작은남자를 좋아한다 눈작은남자가 잘생겨보인다 내가그렇다
"저정도 먹으면 외식은 극자제 될텐데. 한창 먹을때는 집에서 해결하거나, 부마련.","저정도 먹으면 외식은 극자제 될텐데. 한창 먹을때는 집에서 해결하거나, 부페로 가기마련."
해라 운전하다보면 보복운전 하고싶은 경우가 얼마나 많은데 그냥 이해하고 나도 그런상황만들수 잇으니 넘어가는거지 여기사람들은 운전자 아닌듯하다,적당히 해라 운전하다보면 보복운전 하고싶은 경우가 얼마나 많은데 그냥 이해하고 나도 그런상황만들수 잇으니 넘어가는거지 여기 댓글쓰는사람들은 운전자 아닌듯하다
"적어도, 박지, 옹우보다는 잘생긴듯","적어도 강다니엘, 박지훈, 옹성우보다는 잘생긴듯"
##일텐데 ᆢ결혼 해아지요 ~,적잖은 나이일텐데 ᆢ결혼 해아지요 ~
그냥 조보 땜에...,전 그냥 조보아 땜에 봐요...
전 백종원님 사이다 발언이랑 조보아님 때문에 봅니다 조보아님 보면 덩달아 짓되고,전 백종원님 사이다 발언이랑 조보아님 때문에 봅니다 조보아님 보면 덩달아 웃음 짓게되고 좋네요
전두환 며느리,전두환 며느리 박상아라던데
전생에... 지는! 쳇 ~,전생에 나라를... 부러우면 지는건데! 쳇~
전설은 아닌거 같다.까진 과,전설은 아직 아닌거 같다. 전설까진 과함
전소민 진짜 김지석 설다 몸매어쩔껀가 ㅠㅠㅠㅠ,전소민 진짜 귀엽고 김지석 설렌다 몸매어쩔껀가 ㅠㅠㅠㅠ
##관 가는게 이제 추세여,전쟁기념관 가는게 이제 추세여?
##지,전혀 그립지 않습니다
,전혀 틀리구만
"전현무 KBS전 아나운서, 진짜 부럽다년 나이차도 한창나는 여친","전현무 KBS전 아나운서, 진짜 부럽다 92년생 나이차도 한창나는 여친이라니"
전현무ㅡ 개럽다ㅡ 살았어야 대는데,전현무 승ㅡ 개부럽다ㅡ 열심히 살았어야 대는데
전현무 없이 어찌까나.....세요 ~ ~,전현무 없이 어찌 돌아갈까나..... 얼른 돌아오세요~~
전현무길,전현무랑 잘되길
##지네ㄷㄷ우,점점 이뻐지네ㄷㄷ와우
##뻣는데.... 10대 최고였슴.. 지금도요.. ^ ^,정말 예뻣는데....10대 최고였슴..지금도 예뻐요..^^
정말 욕먹기하게 살아라,정말 욕먹기 싫으면 그냥 평범하게 살아라
정말생겼다 ~ ~ ~ ~ ~ ~ ^ ^ 아침부터 호하네요옹 ~ ~ ~ } } ^ ^,정말 잘생겼다~~~~~~^^아침부터 눈이 호강하네요옹~~~}}^^
축하드려요 그 나이에 임신 성공하기 하늘이 도왔나봅니다..,정말 축하드려요 그 나이에 임신 성공하기 쉽지 않은데 하늘이 도왔나봅니다..
##학의 힘은 대단하다는걸 느끼게해줌..,정말 현대의학의 힘은 대단하다는걸 느끼게해줌..
##잘리는픈한쌍갓아요 제가더흥분되고기분이너무좋읍니다 너무너무축하축하드립니다,정말잘어울리는예픈한쌍갓아요 제가더흥분되고기분이너무좋읍니다 너무너무축하축하드립니다
정미애,정미애 화이팅 이뻐요
##애씨얼굴 ~ ~,정미애씨 예쁜얼굴이죠~~
정소 아깝다 도대체,정소민이 아깝다 도대체 왜 ㅜㅜ
##래이,정신줄 단디 챙기래이
##채 좋겠다,정은채 아니었음 좋겠다
정해인도 별,정해인도 별론뎅
정해인에게 치여서 현생불가 인생 입 내배우 정해인 고맙고 사랑해❤️❤️❤️ 차기작도 너무 기다리게 하지 마여,정해인에게 치여서 현생불가. 인생 처음 입덕 내배우 정해인 고맙고 사랑해❤️❤️❤️ 차기작도 너무 기다리게 하지 마여
정해인이 지금 선그 맞지... 예진니차인거?,정해인이 지금 선그은거 맞지...예진언니차인거?ㅠㅠ
제2의 이상민이 계셨네요.씸 사신 김범룡님 수고.,제2의 이상민이 계셨네요.열씸히 사신 김범룡님 수고하셨어요.
제대로 교육시켜 내보낸다는데.. 아직보기에 미숙한가보지 일단 방송나와 이름알렸고 더 발전되서 나되는데 무슨 소송? 별로... 갑질해 보임,제대로 교육시켜 내보낸다는데 ..아직보기에 미숙한가보지 일단 방송나와 이름알렸고 더 발전되서 나감되는데 무슨 소송? 별로... 갑질보단 신중해 보임
제목만 보고 한혜진 언니인줄알고 들어온년ㅠㅠㅠㅠㅠㅠㅠ 나혼산은 불매지만 혜진니긔ㅠㅠㅠㅠㅠ,제목만 보고 한혜진 언니인줄알고 들어온 나년ㅠㅠㅠㅠㅠㅠㅠ 나혼산은 불매지만 혜진언니 보고싶긔ㅠㅠㅠㅠㅠ
제발 부탁요연예인여려악들들 말고사세요들,제발 부탁요연예인여려분악플러들 신경쓰지들 말고사세요들
제주도 호텔 잘 해결하셨는지.. 군대 가기전에 터져서.. 앞으로 ^ ^,제주도 호텔 문제는 잘 해결하셨는지..군대 가기전에 터져서..앞으로 활동 기대합니다^^
신동인가요? 슈퍼쥬니어 리메이크 무대인가 몸매가 신동,젤 오른쪽 신동인가요? 슈퍼쥬니어 리메이크 무대인가 몸매가 신동인데
조국 덮으로 정국 이 건드리면 클난다. 방탄은말. 네이버내려,조국 덮으로 정국 이 건드리면 클난다.. 방탄은 건드리지말. 네이버 실검내려
조보 정나온거 남자있냐?,조보아 정법나온거 안본 남자있냐?
조보 표정기만 하구만 뭘,조보아 표정 귀엽기만 하구만 뭘
조보갈 더 빛이나네,조보아는 날이갈수록 더 빛이나네
"##하겠지, 그만 기사화해라","조사하겠지, 그만 기사화해라."
조선절녀 잘.,조선절세미녀 잘 살아요.
##호는 하고 군대도 가고 바쁘네,조세호는 승무원도 하고 군대도 가고 바쁘네
##해서 전역하시길 ~ ^ ^,조심해서 무사히 전역하시길~~^^
조여 올백머리에 밑으로 사알짝 퍼지는가 제일 잘,조여정은 올백머리에 밑으로 사알짝 퍼지는 드레스가 제일 잘 어울림
##정씨 ~ ~ ㅎㅎ,조은정씨 이뻐요~~ ㅎㅎ
조재현는 갑...,조재현 연기는 진짜 갑이었는데 ...
조재현!,조재현씨 응원합니다!!
조재현 힘내세요 하차,조재현씨 힘내세요 하차하지마세요 ㅠ
조재현내시나,조재현씨는 잘지내시나보네요
조 닮,조커랑 닮음
존고만 안예뻐 ; ; ;,존예고만 어디가 안예뻐;;;
좀 더 조건에 맺 싶나 보지,좀 더 유리한 조건에 계약 맺고 싶나 보지
좀 부추기는 거 같네.... 젊은 애들이 안돼,좀 부추기는 거 같네....젊은 애들이 연애하는데 안돼?
좀더 결과를 지켜봅시다새발 하려던 두사람에게 숨쉴시간을 좋을거같네요. 질투가 발발된것도 있을것입니다,좀더 결과를 지켜봅시다새출발 하려던 두사람에게 조금 숨쉴시간을 주면 좋을거같네요. 질투가 발발된것도 있을것입니다
##이가 낫구만 얼굴이아니다,종국이가 낫구만 얼굴이 다가아니다 사람은
,좋다 X1
좋아보이네헤어져 천륜은못는가보다,좋아보이네 부부는헤어져도 천륜은못끊는가보다
말만두 못 사는,좋은 말만 해두 못 사는 세상
밑에서 착하게 클듯 ㅎ 샘 아빠가 사람이 것 같다 ~ ~,좋은 부모님 밑에서 착하게 클듯 ㅎ 샘 아빠가 사람이 좋은 것 같다~~
죄것도 잘살라고,죄진것도 아닌데 잘살라고 냅둬라
진짜 저런를 봐서 그런지 안타깝다ㅜㅜ애가 준영이 애니,주변에 진짜 저런 경우를 봐서 그런지 안타깝다ㅜㅜ애가 준영이 애였다니
같이 맞아주는 거 보고 더했자녀... ❤️ 아니 황민현 당신 대체 언제까지해질 예정이야!!,주사 같이 맞아주는 거 보고 더 반했자녀...❤️ 아니 황민현 당신 대체 언제까지 다정해질 예정이야 !!
준영인 영재랑 잇을때가해보!,준영인 영재랑 잇을때가 젤 행복해보임!
준영재,준영재 가자..
##의섹미가있음. 어느연령이건 충분히을 느낄만한데..,중년의섹시미가있음.어느연령이건 충분히 매력을 느낄만한데..
##는 어느정도함 소녀나 하지ㅜㅠ,중요한건 노래는 어느정도함 소녀시대나 하지ㅜㅠ
지라,지 자식이라 이쁜가보다
##인줄 알았네 ㅋㅋ,지금까지 미혼인줄 알았네 ㅋㅋ
지금으로따지면 뷔 + 느낌? 당시에 여자들이라면 믹유천긴함ㅋㅋㅋㅋㅋ,지금으로따지면 뷔+정국 느낌? 당시에 여자들이라면 믹키유천 좋아하긴함ㅋㅋㅋㅋㅋ
지하구 닮 ㅋㅋㅋ,지드래곤하구 너무 닮음 ㅋㅋㅋ
##디 변했 부어도보이고...,지디 얼굴이 변했네요 부어도보이고...
지이다 첨견말자.은,지몸이다 첨견말자. 멋은있네
지병이 치통인가요?? 여러분가고 예수님읍시다,지병이 치통인가요?? 여러분 치과 자주가고 예수님 믿읍시다
##이 더생김,지성이 더잘생김
##는 어린 아이일때도하고 성숙하더니 가정사 시끄러웠어도 그대로 잘듯 ~ 엄마에겐 딸이 평생친구인데 얼마나 이쁠까 ^ ^ ~,지아는 어린 아이일때도 차분하고 성숙하더니 가정사 시끄러웠어도 그대로 잘큰듯~ 엄마에겐 딸이 평생친구인데 얼마나 이쁠까^^~
지연은 솔로 해야한다. 능력이 너무. 노래 만난다면 언젠가 반드시 터질꺼임.,지연은 반드시 솔로 해야한다. 능력이 너무 아까워. 좋은 노래 만난다면 언젠가 반드시 터질꺼임.
지연이 얼굴은 더...,지연이 얼굴은 더 배우같네...
지인들 다한번 한거가지고 연애를 한다 어쩐다... 게다가 cctv까지 들추어내서..,지인들 다 있는 자리에서 포옹한번 한거가지고 연애를 한다 어쩐다...게다가 cctv까지 들추어내서..
##분들여유있는분들 좀드리세요너무깝네,지인분들여유있는분들 좀도와드리세요너무안타깝네
지지달 킨텍스 전시장에서 이상아누나 봤는데! 확실히 연예인은 급이 다르더라! 세월이 흘러도 이쁘긴 진짜 이쁘더라. 예전에는 진짜 탑급의 하이틴 스타였는데... 니들이 이상아달 자격이나 있냐?,지지난달 킨텍스 전시장에서 이상아누나 봤는데! 확실히 연예인은 급이 다르더라! 세월이 흘러도 이쁘긴 진짜 이쁘더라.예전에는 진짜 탑급의 하이틴 스타였는데... 악플러들 니들이 이상아 악플달 자격이나 있냐?
지창욱배우님 얼굴 공개에 사과해라. 제대와 복귀 얼마남지 않는 배우 횡패인가,지창욱배우님 얼굴 공개 한것에 사과해라.제대와 복귀 얼마남지 않는 배우에게 무슨 횡패인가
지효임보지셈,지효 남친임 넘보지 마셈
진심 기사 읽고도 갸우뚱함 이게 일인가요?.. 나신 분들은 대체 뭐가하셨어요?... 팬이라는데 유부남이고 유부녀고 뭐가 중요???,진심 기사 읽고도 갸우뚱함 이게 사과할 일인가요?..화가 나신 분들은 대체 뭐가 불편하셨어요?...팬이라는데 유부남이고 유부녀고 뭐가 중요???
진영아걸스합,진영아 원더걸스 재결합 가자
진영이 형님은 우리 곡사 lYG행닝을 이기고 오셨으면 좋겠다는 마음입니다 행님 ~,진영이 형님은 우리 곡의 하술사 lYG행닝을 이기고 오셨으면 좋겠다는 마음입니다 행님~
진우 설의들 이해불가,진우. 설아의 행동들 이해불가
아재돌 젝키지,진정한 아재돌은 젝키지
진짜 50 다 되어가는 저 정도면 거죠 ~ ~ ~,진짜 50 다 되어가는데 저 정도 미모면 대단한 거죠~~~
진짜 ti다,진짜 tmi다..
진짜 대한민국 원 ~ ~ ~!!!!!,진짜 대한민국 원탑~~~!!!!!♡♡♡♡♡♡♡
진짜쩔어.... 볼수록매적...지가않음,진짜 매력쩔어....볼수록매력적...질리지가않음
진짜는 뽀빠이,진짜 멋있는 뽀빠이 아저씨 감사합니다
,진짜 멋있다
진짜 부족한게. 볼때마다해요. 나의 롤 안현모씨.,진짜 부족한게 뭔지. 볼때마다 감탄해요. 나의 롤모델 안현모씨.
진짜 아이오아이에서 김범수 빼곤 다...,진짜 아이오아이에서 김범수 빼곤 다 사라지네...
##들,진짜 어지간히들 해라
진짜 여자 심각하게쁨,진짜 여자 심각하게 예쁨
,진짜 예쁨
진짜미 이더라 어떻게 얼굴이 그대로냐! 더구나 저얼굴에 애도 한명 있는걸로 아는데 진짜 관리. 많은 활동해주세요!!!,진짜 자연미인 이더라 어떻게 얼굴이 그대로냐! 더구나 저얼굴에 애도 한명 있는걸로 아는데 진짜 관리 잘했다. 많은 활동해주세요!!!
잘랐다. 성격도. 나혼자여행 잘봤어요 ~,진짜 잘자랐다.성격도 좋음.나혼자여행 잘봤어요~
진짜 직원들과 아티스트 생각을듯복지ㅎㄷㄷ ; ; 보기,진짜 직원들과 아티스트 생각을 많이 하시는듯복지ㅎㄷㄷ;; 보기 좋습니다
진짜...애 아니구애 이예요? ㅠㅜ,진짜... 열애 아니구 열애설 이예요? ㅠㅜ
##이면 교도소에서 6개월 생활하는거죠,징역 6월이면 교도소에서 6개월 생활하는거죠?
차두리라고 하면 되지..찌...,차두리라고 하면 되지.. 세찌는 머야...
##긋는 형이다 저 도로주러 가고싶노 중앙선 저거 너무 한거 아니가?,차선긋는 형이다 저 도로 차선 그려주러 가고싶노 중앙선 저거 너무 한거 아니가?
차예련 정말다고 생각했는데 미우새에 나온거보니까 머리 문제인지 ; 드라마에서 봤던 내가 아는과 뭔가 묘하게 덜 이뻐보이는것 같던데,차예련 정말 예쁘다고 생각했는데 미우새에 나온거보니까 머리스타일 문제인지; 드라마에서 봤던 내가 아는모습과 뭔가 묘하게 덜 이뻐보이는것 같던데
##련 여전히 곱고 이쁘네요 ~,차예련씨는 여전히 곱고 이쁘네요~
##련의 명품사랑ㅎㅎ. 저번달에 백화점에서 명품 쓸어가드만,차예련의 명품사랑ㅎㅎ.. 저번달에 백화점에서 명품 쓸어가드만
차은우는 아스트로 탈퇴하고 배우 걸으면 안돼,차은우는 아스트로 탈퇴하고 배우길 걸으면 안돼나요?
차장이 아니고 다리준거 아니었나....?,차장이 중요한게 아니고 다리놔준거 때문에 아니었나....?
##다고 아노았나..,차판다고 하지 아노았나..
착한마녀전에서 엄청 매력있던뎅 왜 인기가 없는지 잘 몰겄음. 기본적으로 머리도 거 같당.,착한마녀전에서 엄청 매력있던뎅 왜 인기가 없는지 잘 몰겄음. 기본적으로 센스있고 머리도 좋을 거 같당.
##러들,참 불편러들 많네
참... 불쌍하다... 왜 병을 병이라고 말을 안하나... 미국에서 연구한 결과 염색체의 이상이 하던데... 치료하면... 세상 사람들이질않네...,참...불쌍하다...왜 병을 병이라고 말을 안하나...미국에서 연구한 결과 염색체의 이상이라고 하던데... 치료하면 되는데...세상 사람들이 믿질않네...
참나 통집... 유영현만 안 나오면 되지가 안가네,참나 통편집까지... 유영현만 안 나오면 되지이해가 안가네
참이버지가 며느리사랑이대단하던데 ~ 보기좋아요,참이뿐이네요시아버지가 며느리사랑이대단하던데~보기좋아요
참생겼 안뜨배우,참잘생겼는데 안뜨니배우
##사하다... 안재현,참치사하다... 안재현님 응원합니다
창정이 언제나 ㅎㅎ,창정이형 언제나응원해요 ㅎㅎ
처음엔 신동욱햇는데 생각해보니까 주변에 할아버지같은음 ㅜㅠ 무섭다,처음엔 신동욱 욕햇는데 생각해보니까 주변에 할아버지같은분 계셨음 ㅜㅠ 무섭다
##같애 내형,천사같애 내이상형❤️
##은수 없다특히 웬수로 헤어지지 않은한따라서 다시 무리해서 사랑으로 결혼으로 이어질듯,첫사랑은 잊을수 없다특히 웬수로 헤어지지 않은한따라서 다시 무리해서 사랑으로 결혼으로 이어질듯
ᆢ우동까지해서원에 해달라 ~ ~ ~ ~ ~ ♡,초밥집은 ᆢ우동까지해서 9900원에 해달라~~~~~♡
초중등생때부터 박남정이 데리고 시키 슬슬 제대로 활동하려고 하나보네,초중등생때부터 박남정이 데리고 방송출연 시키더니 슬슬 제대로 활동하려고 하나보네
##니 없는 얼굴이 더 매력있네. 전체적으로 아주 훈훈한 비주얼이야ㅋㅋ,최다니엘 안경 없는 얼굴이 더 매력있네. 전체적으로 아주 훈훈한 비주얼이야ㅋㅋ
##씨,최민수씨 홧팅
##씨않,최씨 만만치않은데
##욱 ㅜ,최욱만 불쌍 ㅜ
최지우씨 임신도 여전히했음ᆞ 옛날드라마 생각도 나고 여튼겼음 ㅋㅋㅋ,최지우씨 임신중인데도 여전히 우아했음ᆞ 옛날드라마 생각도 나고 여튼웃겼음 ㅋㅋㅋ
##혁 쩌네. 오늘 지렸다,최진혁 연기 쩌네. 오늘 연기 지렸다
##혁보소 ㄷㄷㄷㄷ,최진혁 연기보소 ㄷㄷㄷㄷ
추현이 이렇게를잘할줄몰랐다,추자현이 이렇게연기를잘할줄몰랐다.
추카추카 아피새입 시오빠 부자되세요♡,추카추카 아피트새입주 시언오빠 부자되세요♡
추추 친구3인방 안부도 궁굼하네요 ~ ~ 정말 재밌게,추카추카 친구3인방 안부도 궁굼하네요~~ 정말 재밌게 봤는데
,축하드려요 ㅎ
축하 ~ ~ ~ ^ ^ 사시고 대장암두 얼른하세요!!!,축하드려요~~~^^행복하게 사시고 대장암두 얼른 완치하세요!!!
.효진은의 신이다,축하해요. 공효진은 연기의 신이다
출산한거 맞는지 ~ ~ 미모도 몸매도 ~니다,출산한거 맞는지~~ 미모도 몸매도 대단하네요~ 예쁩니다
충씨 얼굴도 ~ 그런거겠지요,충재씨 얼굴도 보여요~나만 그런거겠지요
충씨도 더 잘 좋겠다,충재씨도 더 잘 되었으면 좋겠다.
친구가 힘들어하는데 손이라도 잡아주지. 걸들은,친구가 힘들어하는데 손이라도 잡아주지. 걸그룹들은 의리있던데
##끼리나? 반응이 과하네 두분 잘려요,친구끼리 안그러나? 반응이 과하네 두분 잘어울려요
##보지,친한 사이였나보지
##는 세계탑인듯,카리스마는 진짜 세계탑인듯
변호사시험 붙은걸로 다.주였음 좀 아니었겠지만ㅋ,캘리포니아 변호사시험 붙은걸로 다 인정. 뉴욕주였음 좀 아니었겠지만ㅋ
캬 큐브 먹여살린 현아 퇴출. 초대형 FA나왔구나 모셔갈라고 경쟁 장난 아닐듯,캬 큐브 먹여살린 현아를 퇴출이라니.. 초대형 FA나왔구나 모셔갈라고 경쟁 장난 아닐듯
##하게잡 종진이..,컨셉 희한하게잡았네 종진이..
케이 목소리나 창 올드하지않나 콘서트도 하네,케이윌 목소리나 창법 너무 올드하지않나 콘서트도 하네
코봉이,코봉이 형
##한게인가.. 이유가잏게,쿨한게 답인가. . 이유가잏게찌
##가 그렇게 사내한다며?,큐브가 그렇게 사내연애 많이한다며?
##을한다,큐브선택을 존중한다
크러움ㅋㅋㅋ,크러쉬 너무 귀여움ㅋㅋㅋ
크러쉬 사회생활 할줄 아네요... 넘어요 ^ ^,크러쉬 정말 사회생활 할줄 아네요...넘 보기 좋았어요^^
같이 생겼 저정돈만 하지,클라라 같이 생겼음 저정돈 누릴만 하지
클라라라 욕먹을 짓을 한게,클라라라 그렇게 욕먹을 짓을 한게 없는데 왜이래
.. 155. 몸무게 43..거?,키.. 155. 몸무게 43.. 괜찮은거 아닌가?
키먼할망진창... 한 번 보면 수가 없다...,키먼할 때문에 현망진창...한 번 보면 멈출 수가 없다...
탁재훈 진짜 재밌는데 도박한번 잘못해서 ㅜㅜ입담진짜 최고 저런싶,탁재훈 진짜 재밌는데 도박한번 잘못해서 ㅜㅜ입담진짜 최고 저런멘트 배우고싶음
탁훈이,탁재훈이나오면 좋을듯
탁재훈추천..은인듯ㅋ,탁재훈추천..입담은 진짜 최고인듯ㅋ
탕웨이에서 무릎을탁치고갑니다 선미가 원래예는데 더뻐진결이 딱나오네,탕웨이에서 무릎을탁치고갑니다 선미가 원래예뻣는데 더예뻐진비결이 딱나오네
태아겠다 아님 덥 뭐좀 덮지.. 축하할일에되네..,태아 춥겠다 아님 덥겠다 뭐좀 덮지..축하할일에 걱정이되네..
태지오빠 편히 살게 해줬으면자녀도 곧 취학연령이 될텐데불편해서 또 해외로 떠나실까봐 걱정요,태지오빠 좀 편히 살게 해줬으면ㅜㅜ자녀도 곧 취학연령이 될텐데불편해서 또 해외로 떠나실까봐 걱정돼요
##같은 다시만들어,태후같은 드라마 다시만들어주세요
통역사더만ㅋㅋ둘이심하고 잘놀 ~ ; ;,통역사 귀엽더만ㅋㅋ둘이 안심심하고 잘놀던데~;;
##니까소속사니 버린거지.. 오죽하면. 그랬을까 소속사입장에서... 음반만내면 돈벌어다주는데..,통제안되니까 대형소속사니 버린거지..오죽하면.그랬을까 소속사입장에서...음반만내면 돈벌어다주는데..
퇴출 메인보컬이없어,퇴출되면 메인보컬이없어지는데 ㅜ
트로트 하면 대성공 장담! 애절한 목소리는 없었다.! 트로트 불러 ~ 제발,트로트 하면 대성공 장담! 이만큼 애절한 목소리는 없었다. 강추! 트로트 불러줘~제발
##여 송이어라 ~ ~ ♡♡,트롯여제 송 가인이어라~~♡♡
트루디지 ~ ~ ~ ~,트루디 맛좋지~~암~~
티라노 엠파이어 스테이트 빌딩 위에서 깽판치다 전투기 공격에 죽는데 처절한게나,티라노 마지막에 엠파이어 스테이트 빌딩 위에서 깽판치다 전투기 공격에 죽는데 처절한게 눈물나더라
티아라란 걸그룹 아깝긴 하지... 히트곡도... 애들도서... 왕따만 아녔어도 더 롱런 할 수 있었을 텐데... 솔직히 소시 보다 훨 나았지...,티아라란 걸그룹 아깝긴 하지...히트곡도 많고...애들도 예뻐서...왕따사건만 아녔어도 더 롱런 할 수 있었을 텐데...솔직히 소시 보다 훨 나았지...
티아라에서 얘가 젤.. 맏언니로써 왕따사건을 방조한거 보고.. 암튼아라.. 티아라에서 니가 젤었다..,티아라에서 얘가 젤 좋았는데.. 맏언니로써 왕따사건을 방조한거 보고.. 암튼 잘살아라.. 티아라에서 니가 젤 좋았었다..
"팩트 = 전처 언니라는 사람이 인터넷에 폭로글 쓴 후, 몇 시간 뒤 자진삭제. 여전히 그 아이디가 그 전처 언니라는 사실을 알 수가 없고 그지도. 누군가 올린 몇시간 짜리 그 글 하나가 사람 인생에 낙인을 찍는구나","팩트 = 전처 언니라는 사람이 인터넷에 폭로글 쓴 후, 몇 시간 뒤 자진삭제. 여전히 그 아이디가 그 전처 언니라는 사실을 알 수가 없고 그 이후로 나타나지도 않음. 누군가 올린 몇시간 짜리 그 글 하나가 사람 인생에 낙인을 찍는구나"
팬은 아니지만. 얼마나 외음 사기꾼인줄 다 아는 속까 안쓰러워요. 그래도 본인 재능 맘껏 펼치고 다시 일어서려는 모습 보기좋아요. 정말 좋은사람 만나서 좋은가정 이루세요!,팬은 아니지만. 얼마나 외로웠음 사기꾼인줄 다 아는 사람한테 속았을까 안쓰러워요. 그래도 본인 재능 맘껏 펼치고 다시 일어서려는 모습 보기좋아요. 정말 좋은사람 만나서 좋은가정 이루세요!
폭력에도 필요하냐,폭력에도 양쪽말이 다 필요하냐
##죽이야지만 거기등산로인데 흡연은 거기등산로들도있을수있는데..,폭죽이야 잘못된거지만 거기등산로인데 흡연은 거기등산로 한사람들도있을수있는데..
##듀 된거니 상관없다 나는,프듀 안보고 팬 된거니 상관없다 나는
프듀1 출신중건 역시 청하가. 그 다음은 전소연 김세정 정채연 이서정,프듀1 출신중 성공한건 역시 청하가 갓.. 그 다음은 전소연 김세정 정채연 이서정
##겠어요 ㅋ 대단하시네요,프로필사진 바꿔야겠어요 ㅋ 대단하시네요
피해자는 생각 안하시나? 입장을 바꿔 보면 못 같은..,피해자는 생각 안하시나? 입장을 바꿔 보면 못 그랬을꺼 같은뎅..
피해자들이 보면 얼마나 가슴까요 올리는건..,피해자들이 보면 얼마나 가슴아플까요 굳이 올리는건..
하 지금도디이지믄 우케요 ㅋ 지방을 들어내셨다니 축하 하드레요 응원 합니다,하 지금도 이쁜디 더이뻐지믄 우케요 ㅋ 지방을 들어내셨다니 축하 하드레요 응원 합니다
하나경힘 ~스러운 말에 상처받지않기를,하나경씨힘내요~고집스러운 말에 상처받지않기를
하나님에 좋은 말씀대로 행하려하고 기도하면 목사들을 보고 교회에 다니는거 아닙니다 저들도라 돈보면 욕심나고 다 똑같은 것입니다 하나님을 교회를 욕하면,하나님에 좋은 말씀대로 행하려하고 기도하면 됩니다 목사들을 보고 교회에 다니는거 아닙니다 저들도 인간이라 돈보면 욕심나고 다 똑같은 것입니다 하나님을 교회를 욕하면 안됩니다
하라언니 두려워하지 마라! 언니새이도 다 왔다!하게 싸우자!,하라언니 두려워하지 마라!언니도 동새이도 다 왔다!용감하게 싸우자!
##좋 적당히,하믄좋치 적당히
.....가......,하아......경리가 ......
하연수,하연수 작품활동안하나
하지원 넘아쉽다 ~ 초콜릿보다 하지원은 이번에 북한 설정드라마 현빈하고 출연햇으면 대박터졋을텐데 너무아쉽다 물론 지금 여주도 괜찮아보이지만 배역자체가 하지원이가 딱맡는 드라마 초콜릿은....한....,하지원 넘아쉽다 ~ 초콜릿보다 하지원은 이번에 북한 설정드라마 현빈하고 출연햇으면 대박터졋을텐데 너무아쉽다 물론 지금 여주도 괜찮아보이지만 배역자체가 하지원이가 딱맡는 드라마 임 초콜릿은 ....잔잔한 감동 ....
"하차하세요,,,,인데입욀거","하차하세요,,,,예능인데 감정이입욀거 같네요"
하태식이,하태식이 돌아왔구나?
중에서도암이냐...,하필 암 중에서도 혈액암이냐...
한고은 부부업,한고은 부부 재미업어요 ㅠㅠㅠㅠ
한고은 씨 동상이몽 이후에는 예능에서 않보이나했는데네요 ~ ~ 입 ^ ^,한고은 씨 동상이몽 이후에는 예능에서 않보이나했는데 반갑네요~~화이팅 입니당^^
한국 배우는 아니지. 마동석 보면도 국내 입국 허용해서 연예 활동할 수 있도록 비상식적인 제재줘야 된다.,한국 배우는 아니지. 마동석 보면 유승준도 빨리 국내 입국 허용해서 연예 활동할 수 있도록 비상식적인 제재 풀어줘야 된다.
"한국 중년 남자배우 스타일, 얼굴 부분 ㅡ짱짱 배우는 / /재, 정우성,,빈","한국 중년 남자배우 스타일, 얼굴 부분 ㅡ짱짱 배우는//이정재, 정우성, 장동건, 원빈"
한국여자들이 욕하는걸 보니까교씨 훌륭한 사람이시네요,한국여자들이 욕하는걸 보니까 송혜교씨 정말 훌륭한 사람이시네요 응원합니다
##살면 그정돈 아무것도텐데.... 이참에 귀화해라,한국와서살면 그정돈 아무것도아닐텐데....이참에 귀화해라
##스의 전설 기욤페트리님,한때 프로토스의 전설 기욤페트리님 축하합니다
한번줘야겠지,한번 봐줘야겠지?
,한번도 안본 드라마
안봤음... 그냥 역도요정김복주만 주구정창행,한번도 안봤음...그냥 역도요정김복주만 주구정창 정주행 하는데
한서희한테 악플 남기세요.,한서희씨한테 악플 남기지말아주세요.
한예슬림,한예슬보다 잘어울림
한은정 신인때 생각난다. 악역연기 악착같이 잘 해서 한밤에서 취재갔던거. 떡잎부터 남랐음. 확 못게 아쉽,한은정 신인때 생각난다. 악역연기 악착같이 잘 해서 한밤에서 취재갔던거. 떡잎부터 남달랐음. 확 못 뜬게 아쉽지만
한은정 진짜,한은정 연기 진짜 잘함
한은정씨는 명랑소녀 성공기때 장나라 괴롭히는 악역부터 시작 ~ 그땐 1프로 어색 보기요,한은정씨는 명랑소녀 성공기때 장나라 괴롭히는 악역부터 시작했어요~그땐 1프로 어색했는데 보기좋네요
##면면 모두. 유백이... 담주까지 어찌 기다려.,한장면 한장면 모두 좋다. 유백이...담주까지 어찌 기다려.
한지민이랑 남주혁은 영화 조제랑 드라마 히어도 같이 한다던데 눈이게때이나보다,한지민이랑 남주혁은 영화 조제랑 드라마 히어도 같이 한다던데 눈이 부시게때 호흡이 좋았나보다
한지혜,한지혜 귀엽다
##혜씨 다음에는 제발연기.. 로수있길,한지혜씨 다음에는 제발 다른연기..로볼수있길
##의 잘못은 아니라고 본다기에 구혜선이 더많이 잘못했다 안재현도 잘한건없다고봄.. 이혼까지온것도 양쪽의 잘못이지..,한쪽의 잘못은 아니라고 본다 그렇기에 구혜선이 더많이 잘못했다하더라도 안재현도 잘한건없다고봄..이혼까지온것도 양쪽의 잘못이지..
한채아가 아깝다 남자,한채아가 아깝다 좋다는 남자 많은데
##혜진 지조,한혜진 지조있네요 ~
한혜진씨은 쫌 불편,한혜진씨 의상은 쫌 불편했습니다 ㅠㅠ
##혜진 개꿀잼... 모델 가능한 출사다 정말,한혜진편 개꿀잼...모델이니까 가능한 출사다 정말
한효주 성격기만하던데.. 싸가지는. 둘이 잘요.,한효주 성격 좋기만하던데.. 싸가지는 무슨. 둘이 잘 어울려요.
한효주 정도면 영화 주연 하는 안 되는 여배우. ㅎㅎ,한효주 정도면 영화 주연 하는 몇 안 되는 여배우니까..ㅎㅎ
할뺐는데걸한건가? 살짝 다른것같기도ㅋㅋ,할 너무뺐는데?다른걸한건가? 살짝 다른것같기도ㅋㅋ
함소원다이 점점 닮아가시네요.,함소원 예쁘다. 두분이 점점 닮아가시네요.
항상 엄마 먼저!!! 아가는 그 먹이!,항상 엄마 밥 먼저!!!아가는 그 후에 먹이세요!
##투,해투도 그만하자
행복하게사시길 악플러는어디에도죠마시,행복하게사시길 악플러는어디에도있죠 신경쓰지마시길
##해보이네. 아기가 없는게.,행복해보이네. 근데 아기가 없는게 안타깝다.
근데다 정유미,허허 근데 진짜 이쁘다 정유미
헐네... 성인 장난아닐듯 ♡♡,헐 넘 이쁘네... 성인되면 장난아닐듯 ♡♡
박은혜했었구나..,헐 박은혜도 이혼했었구나..
##같으시다,헐 완전 애기같으시다
헐.. 저할머니 드라마에서 마니 봤는데 결국 돌아가셨구나ㅜㅜㅜ삼가고 인 명을빕 다,헐..저할머니 드라마에서 마니 봤는데 결국 돌아가셨구나ㅜㅜㅜ삼가고 인의 명 복을빕니 다
헐 ~상 엄청 연하남인거임? 장미희 남편 연,헐~ 스토리상 엄청 연하남인거임? 장미희 남편 연배는 아닌데
현무이팅,현무형 퐈이팅
현빈 김주원때 좋아하고 좋아한적 없는데 나이먹으니 더지고네.. 연기도 비주얼도 목소리도.. 요즘 20대 배우들은 그런게 없어,현빈 김주원때 좋아하고 좋아한적 없는데 나이먹으니 더 깊이있어지고 멋있네.. 연기도 비주얼도 목소리도.. 요즘 20대 배우들은 그런게 없어
현빈넘ㅇ,현빈넘모 멋진ㅇㅎ
현빈은 밝혀 진것 하나 없는데 왜 먹어요 평상시 현빈도 저랬다면 같이하고 공유해요 단도 아니고 둘이 카톡 한거지 다른 공개된 카톡 보니 다른 배우들 이름만 언급 되었지 거기도 현빈은 없던데요 밝혀 진것에 뭐라 하세요,현빈은 밝혀 진것 하나 없는데 왜 욕 먹어요 평상시 현빈도 저랬다면 같이 카톡하고 공유해요 단톡도 아니고 둘이 카톡 한거지 다른 공개된 카톡 보니 다른 배우들 이름만 언급 되었지 거기도 현빈은 없던데요 밝혀 진것에 뭐라 하세요
현실적으로 둘다 유명하지 않아서도 불안정하고.. 그냥자 해서 헤어지는..,현실적으로 둘다 유명하지 않아서 수입도 불안정하고.. 그냥 헤어지자 해서 헤어지는 듯..
현아.러,현아 멋지다. 말러뷰
현아 이 ~ 트리플,현아 이던~ 트리플 좋아요
,현아 이뻐요
현아야 혼자 잘나가겠지... 외국에서도 인지도가 꽤 있으니... 근데 이던인가 아이는...함....,현아야 혼자 잘나가겠지 ... 외국에서도 현아 인지도가 꽤 있으니 ... 근데 이던인가 저 아이는 ... 애매함 ....
혜교,혜교 좋아
혜교,혜교님 힘내세요
혜나먹,혜나 짱먹엉
혜빈이,혜빈이 힘내세요
호누나 못따자녀 속상해,호란누나 이제 면허 못따자녀 속상해
호란언니하세요 ~ 음주는 지난과거 앞으로인생 살아주는게 팬들에게 좋은모습 보여주는거에요 ^ ^,호란언니 화이팅하세요~ 음주는 지난과거 앞으로 멋진인생 살아주는게 팬들에게 좋은모습 보여주는거에요~^^
홍상수♥김민희 알달콩 이쁜사랑하세요 ㅎㅎ의 사랑을 ㅎㅎ,홍상수♥김민희 알콩달콩 이쁜사랑하세요 ㅎㅎ 두분의 사랑을 응원합니다 ㅎㅎ
홍윤화살빼 더엽,홍윤화살빼니까 더귀엽더라
홍자매기만하던데ᆢ 왜들이 있는지ᆢ보다가 체널 돌리면되요ᆢ요즘 일반인들도 성형하는데ᆢ어제 홍진영짜장 ~ ~ 완전 ㅋㅋ,홍자매 재밌기만하던데ᆢ 왜 안티들이 있는지ᆢ보다가 체널 돌리면되요ᆢ요즘 일반인들도 성형하는데ᆢ어제 홍진영짜장면~~완전 ㅋㅋ
화끈하게 뿌리 ~ ~ 그와중에생김 뚝뚝.,화끈하게 뿌리시길~~ 그와중에 잘생김 뚝뚝..
##고 짜증날일이지 마음의 상처로.. 뒤 길.. 뭐 얼마나 큰 피해를 봤길래,화나고 짜증날일이지 마음의 상처로.. 뒤끝 길구나.. 뭐 얼마나 큰 피해를 봤길래
##한 가정 특징 : 마누라가쁨,화목한 가정 특징 : 마누라가 이쁨
화사 이번 완전 ~ ~ ~ 어쩌고해도무대 다짜르고 실검1위 시선집중 ^ ^,화사 이번 무대 완전 성공~~~어쩌고해도 다른무대 다짜르고 실검1위 시선집중^^
##끼 얼굴이라고,화장끼 없는 얼굴이라고라
화장지웠구만뭘한인상인데 눈화장때문에 쎄보인것둥한얼굴임,화장지웠구만뭘 원래순한인상인데 눈화장때문에 쎄보인것 순둥한얼굴임
##치도 않은 사람네 ㅠㅠ,확실치도 않은 정보 사람 잡네 ㅠㅠ
확실히 노잼이더라 ~ 3얼 ~,확실히 어제는 노잼이더라~ 3얼 위주로 가즈아~
회가될수록 오거리고 유치해지는..,회가 거듭될수록 오글거리고 유치해지는듯..
효리는 레이어드,효리는 레이어드컷이 이뻐
후기 올라온거 보면ㅋㅋㅋㅋㅋ리안하고 서빙이랑만함ㅋㅋㅋㅋㅋ케,후기 올라온거 보면ㅋㅋㅋㅋㅋ요리안하고 서빙이랑 카운터만 본다고함ㅋㅋㅋㅋㅋ케
##남티가너무 보기부부 그리고 아이들,훈남티가너무 보기좋은부부 그리고 아이들
정면에서 발산,흑백 정면에서 미모 발산 실화냐
흠 호해라,흠 호란님 흥해라
.. 둘이 사귀고 잼없는.. 그치????,흠..둘이 사귀고부터 잼없는듯.. 그치????
흥국아재 기러기잖음... 티비서보니 심하...,흥국아재 기러기아빠잖음. . . 티비서보니 고생이 심하던데. . .
희한해요 진짜.. 볼때는 별로 먹고싶진 않았는데 며칠동안 계속계속 생각남 ㅠㅠ 결국 잘 먹지도 않는 먹으러가고 미쳤다고 밤 열 김부각 만들고있는발견함.. 화사 대단혀 ~,희한해요 진짜..볼때는 별로 먹고싶진 않았는데 며칠동안 계속계속 생각남 ㅠㅠ 결국 잘 먹지도 않는 곱창 먹으러가고 미쳤다고 밤 열시에 김부각 만들고있는 나를발견함..화사 대단혀~
~ 엄마는니깡.. ~ 잘꺼라 믿어요 ~ ^ ^,힘내세요 ~엄마는 강하니깡..~ 잘 이겨낼꺼라 믿어요~^^
주말드라마 장사하는 폐암걸리는 드라마를볼...,주말드라마에 장사하는엄마가 폐암걸리는 드라마를볼줄이야...
유이스러워,유이 자연스러워진 연기
손이랑 소지섭이랑 곧다 이글은 성지글이 된다.,손예진이랑 소지섭이랑 곧 결혼한다 이글은 곧 성지글이 된다.
##녀라 좋았는데... 혜나는 인간들은!!,효녀라 좋았는데...혜나 미워하는 인간들은 뭐지!!
언니닥닥.....해욧 ~!!,언니 토닥토닥.....응원해욧~!!
##인도 닮은,정해인도 닮은듯?
최지우 보니 ~ 임신해도 너무요 ~,최지우 오랜만에 보니 좋네요~ 임신해도 너무 예뻐요~
김신 넘요 ~ ~ 건간도 찾고 날씬 굿굿 ~ ~ ~,김신영 넘 예뻐요~~건간도 찾고 날씬 굿굿~~~화이팅
사실로 그렇게억울하게 당하구 살아왔다면 경찰에 고소하구 법의심판을 받게해야지들이 왈가불가,사실로 그렇게억울하게 당하구 살아왔다면 경찰에 고소하구 법의심판을 받게해야지 네티즌들이 왈가불가 할일이아니다
장난 아닐텐데 위아랫 엄청 받았을듯,층간소음 장난 아닐텐데 위아랫집 스트레스 엄청 받았을듯
어쩐지 키가 커서 살만 좀 너무 이뻐질거라 생각했는데 살이거였군요점점지더라고요,어쩐지 키가 커서 살만 좀 빠지면 너무 이뻐질거라 생각했는데 살이 빠진거였군요점점 예뻐지더라고요
진지하게 연예대상 후보,백종원 진지하게 연예대상 후보아님?
당시 신재호 나이 5살이었는데 5살짜리가 사기혐의에 적극적으로 개입한거 아니면 마닷이 없다. ㅎ,당시 신재호 나이 5살이었는데 5살짜리가 사기혐의에 적극적으로 개입한거 아니면 법적으로 마닷이 책임질 일은 없다 . ㅎ
솔직히 몇 빼고 유치하고 노잼,솔직히 초반 몇회 빼고 유치하고 노잼이었음
딸이 해결해하는거. 엄마잖어,딸이 해결해줘야하는거아닌가..엄마잖어
황민,황민현 최고다❤
❎요 아저씨 2 같음 ㅠ,❎ 돌아와요 아저씨 2 보는거 같음 감사 ㅠ
엥 나는 장도연이 너무 심했다고 느꼈는데????담비가해보였음,엥 나는 장도연이 말이 너무 심했다고 느꼈는데???? 손담비가 착해보였음
살아줘서 다행이고 감사합니다 전세계적으루되지면 어떻게 됐을지 모르지,살아줘서 다행이고 감사합니다 전세계적으루이슈화되지 못했다면 어떻게 됐을지 모르지
,형 화이팅
##들이에 이영자를했나 보네요,시청자들이 막판에 이영자를 선택했나 보네요
자다가 누가 죽는 꿈꿔 방금 일어나서 불키고 휴대폰 봤는데 실검 1위가 누가 죽는 소식이라니지가 않습니다 저 스스로도 소름돋아서 나고 있습니다,자다가 누가 죽는 꿈꿔서 방금 일어나서 불키고 휴대폰 봤는데 실검 1위가 누가 죽는 소식이라니 믿기지가 않습니다 저 스스로도 소름돋아서 눈물이 나고 있습니다
"엄 마친구인데 신경써줘야할임, 친구와의 의리도있는데. 자식키우는 엄마입장이기도하고 ~","엄 마친구인데 신경써줘야할부분임,친구와의 의리도있는데..자식키우는 엄마입장이기도하고~~"
아빠죽이,아빠 나죽이지마ㅜㅜ
혜야 훨씬 더는데 아쉽다,지니 혜야 훨씬 더 잘했는데 아쉽다
정연아 오빠가 있잖아 니 아니다.,정연아 힘내라 오빠가 있잖아 니 잘못 아니다..
,엄청 기대된다.
아이구 ~씨 너무다,아이구~ 지민씨 너무 예쁘다
응 그러니까 현빈이랑했으면.....,응 그러니까 현빈이랑 손예진 결혼했으면 .....
김지원 고대 분장도하는 미모 진짜 존,김지원 고대 분장도 소화하는 미모 진짜 존예다
저정도면 박유천거다. 수사과정도 너무 이상하고.,저정도면 박유천 너무 억울한거다. 수사과정도 너무 이상하고..
전 방청하고어요여태 비밀유지하느라힘들었지만ㅋㅋ실제로보니 진짜 캐동,전 방청하고왔어요♡여태 비밀유지하느라힘들었지만ㅋㅋ실제로보니 진짜 캐감동
큰딸시어머니입은블라우스건지요,큰딸시어머니입은 흰블라우스 어디건지요.
##듯 선선녀네,닮은듯 선남선녀네
##욤 남편. 아빠욤,멋쪄욤 남편.아빠로써욤
이쁘네이뻐.카추 누구보다 잘살거같음,이쁘네이뻐. 추카추카. 누구보다 잘살거같음
홍진영 남자도 있을까,홍진영 싫어하는 남자도 있을까
하존 ㅠㅠ 글고 서강준듯 ㅠㅠ,하존잼 ㅠㅠ 글고 서강준 연기잘하는듯 ㅠㅠ
언니 악플만 선플도 봐주세요.해요. 보살대장님!,언니 악플만 보지말고 선플도 봐주세요. 늘 응원해요. 보살대장님!
너 ~ ~ ~ ~ ~ 무함마지막이이야,너~~~~~무 실망함마지막이 너무 실망이야
문복아 형은 문다,문복아 형은 문복이 편이다 ㅠ
내가 전소민처럼 자르 진짜즉도로 가야것지?,내가 전소민처럼 머리 자르면 진짜 여즉도로 가야것지?
채여다 얼굴도,채여니 이쁘다 얼굴도 마음도
못볼 조합이라고... 동방신기인은 가능할까?,다시는 못볼 조합이라고 생각했는데... 동방신기4인은 가능할까?
죽을만큼 훌 털어버리고영면하소서,죽을만큼 힘들일 훌훌 털어버리고영면하소서
꺄악 ~ 여신영! 세찌한테 가는구나..인가..,꺄악~ 여신 한채영 ! 세찌한테 가는구나..어떤 매력인가..
오빠요... 오빠 팬들은 오빠요 ^ ^!!,오빠 힘내요...화이팅 오빠 팬들은 오빠 믿어요^^!!
##혜진 사람이이 나보임짐 예쁘다는 말로 한정지을수 없음,한혜진 사람이 빛이 나보임 멋짐 예쁘다는 말로 한정지을수 없음
근데 충 같은 수원 미대 출신 아니였나...,근데 충재랑 기안 같은 수원 미대 출신 아니였나...
##했었구나 ㅋㅋ 빌푸사미빌레 보고싶다..남한 기념으로 핀란드 한국와요 ~ ~,결혼했었구나 ㅋㅋ 빌푸사미빌레 보고싶다.. 득남한 기념으로 핀란드친구 한국와요 ~~
"김종민,연 들어가면 솔직하고엉뚱한토할듯ㅎㅎ","김종민,이주연 들어가면 솔직하고엉뚱한토크진행할듯ㅎㅎ"
멤버출연이 문제가 아니라 이미 높아진 기대치를 충족시키기는 어려워서는 안하는게 좋을듯요 조들나 추리여왕 대실망이었음,멤버출연이 문제가 아니라 이미 높아진 기대치를 충족시키기는 어려워서 시즌2는 안하는게 좋을듯요 조들호나 추리여왕 너무 대실망이었음
채은씨 너무이요 ~ ^ ^ 선선녀!! 예쁜남하서요. 언론에서 관심을 안가져야 두분이 더 오래가실듯!!!,채은씨 너무이뻐요~^^선남선녀!!예쁜만남하서요.언론에서 관심을 안가져야 두분이 더 오래가실듯!!!
아가 뒷 너무다 ㅋㅋ아가는 안겨서 잘때 젤루뽕,아가 뒷머리 너무 귀엽다 ㅋㅋ아가는 안겨서 잘때 젤루 이뽕
기든 아니든 빠지라니 그 무슨 무서운. 아니면 사과받고 당연히 계속 일해야지. 자기인생 함부로 하시는 분이네.,기든 아니든 빠지라니 그 무슨 무서운 소리냐. 아니면 사과받고 당연히 계속 일해야지. 자기인생 아니라고 말 함부로 하시는 분이네.
혜나야ㅜㅜㅜㅜㅜ우리혜나 잘ㅜㅜㅜㅜ고통받다가 죽,혜나야ㅜㅜㅜㅜㅜ우리혜나 잘 살아야하는데ㅜㅜㅜㅜ고통받다가 죽네
##이랑 조쉬네.,샘이랑 조쉬 아쉽네..
아이유 여진구,아이유 여진구 최고
##게 컸네 ^ ^,이쁘게 컸네^^
##씨,지환씨 힘내세요
##한하셨습니다!!!! 잘 가세요!!!!,내한 고생하셨습니다!!!! 잘 들어 가세요!!!!
